-- MySQL dump 10.13  Distrib 5.6.35, for Win64 (x86_64)
--
-- Host: localhost    Database: loveblog
-- ------------------------------------------------------
-- Server version	5.6.35

/*!40101 SET @OLD_CHARACTER_SET_CLIENT=@@CHARACTER_SET_CLIENT */;
/*!40101 SET @OLD_CHARACTER_SET_RESULTS=@@CHARACTER_SET_RESULTS */;
/*!40101 SET @OLD_COLLATION_CONNECTION=@@COLLATION_CONNECTION */;
/*!40101 SET NAMES utf8 */;
/*!40103 SET @OLD_TIME_ZONE=@@TIME_ZONE */;
/*!40103 SET TIME_ZONE='+00:00' */;
/*!40014 SET @OLD_UNIQUE_CHECKS=@@UNIQUE_CHECKS, UNIQUE_CHECKS=0 */;
/*!40014 SET @OLD_FOREIGN_KEY_CHECKS=@@FOREIGN_KEY_CHECKS, FOREIGN_KEY_CHECKS=0 */;
/*!40101 SET @OLD_SQL_MODE=@@SQL_MODE, SQL_MODE='NO_AUTO_VALUE_ON_ZERO' */;
/*!40111 SET @OLD_SQL_NOTES=@@SQL_NOTES, SQL_NOTES=0 */;

--
-- Table structure for table `art_ac`
--

DROP TABLE IF EXISTS `art_ac`;
/*!40101 SET @saved_cs_client     = @@character_set_client */;
/*!40101 SET character_set_client = utf8 */;
CREATE TABLE `art_ac` (
  `art_id` int(11) NOT NULL,
  `ac_id` int(11) NOT NULL,
  KEY `art_id` (`art_id`),
  KEY `ac_id` (`ac_id`),
  CONSTRAINT `art_ac_ibfk_1` FOREIGN KEY (`art_id`) REFERENCES `article` (`art_id`) ON DELETE CASCADE,
  CONSTRAINT `art_ac_ibfk_2` FOREIGN KEY (`ac_id`) REFERENCES `artclass` (`ac_id`) ON DELETE CASCADE
) ENGINE=InnoDB DEFAULT CHARSET=utf8;
/*!40101 SET character_set_client = @saved_cs_client */;

--
-- Dumping data for table `art_ac`
--

LOCK TABLES `art_ac` WRITE;
/*!40000 ALTER TABLE `art_ac` DISABLE KEYS */;
/*!40000 ALTER TABLE `art_ac` ENABLE KEYS */;
UNLOCK TABLES;

--
-- Table structure for table `artclass`
--

DROP TABLE IF EXISTS `artclass`;
/*!40101 SET @saved_cs_client     = @@character_set_client */;
/*!40101 SET character_set_client = utf8 */;
CREATE TABLE `artclass` (
  `ac_id` int(11) NOT NULL AUTO_INCREMENT,
  `ac_name` varchar(50) DEFAULT NULL,
  `ac_desc` text,
  PRIMARY KEY (`ac_id`),
  UNIQUE KEY `ac_name` (`ac_name`)
) ENGINE=InnoDB AUTO_INCREMENT=3 DEFAULT CHARSET=utf8;
/*!40101 SET character_set_client = @saved_cs_client */;

--
-- Dumping data for table `artclass`
--

LOCK TABLES `artclass` WRITE;
/*!40000 ALTER TABLE `artclass` DISABLE KEYS */;
INSERT INTO `artclass` VALUES (1,'学习笔记',NULL),(2,'生活随笔',NULL);
/*!40000 ALTER TABLE `artclass` ENABLE KEYS */;
UNLOCK TABLES;

--
-- Table structure for table `article`
--

DROP TABLE IF EXISTS `article`;
/*!40101 SET @saved_cs_client     = @@character_set_client */;
/*!40101 SET character_set_client = utf8 */;
CREATE TABLE `article` (
  `art_id` int(11) NOT NULL AUTO_INCREMENT,
  `art_author` varchar(10) NOT NULL,
  `art_title` varchar(100) NOT NULL,
  `art_content` text NOT NULL,
  `art_tag` varchar(50) DEFAULT NULL,
  `art_class` varchar(50) NOT NULL,
  `art_music` varchar(100) DEFAULT NULL,
  `art_video` varchar(100) DEFAULT NULL,
  `art_time` date NOT NULL,
  `art_like` int(11) NOT NULL,
  `art_dislike` int(11) NOT NULL,
  `art_img` varchar(100) NOT NULL,
  `art_view` int(11) NOT NULL DEFAULT '5',
  PRIMARY KEY (`art_id`)
) ENGINE=InnoDB AUTO_INCREMENT=269 DEFAULT CHARSET=utf8;
/*!40101 SET character_set_client = @saved_cs_client */;

--
-- Dumping data for table `article`
--

LOCK TABLES `article` WRITE;
/*!40000 ALTER TABLE `article` DISABLE KEYS */;
INSERT INTO `article` VALUES (1,'姚小城','左边1','<p>啊是否你哦四否极角服务费巨额罚金巍峨附近<br>啊是否你哦四否极角服务费巨额罚金巍峨附近<br>啊是否你哦四否极角服务费巨额罚金巍峨附近啊是否你哦四否极角服务费巨额罚金巍峨附近<br>啊是否你哦四否极角服务费巨额罚金巍峨附近<br>啊是否你哦四否极角服务费巨额罚金巍峨附近啊是否你哦四否极角服务费巨额罚金巍峨附近</p>\n','tag1','学习笔记',NULL,NULL,'2017-05-15',3,0,'img/book.jpg',59),(50,'姚小城','这是留言板的假文章','','fake','学习笔记',NULL,NULL,'2017-05-18',0,0,'img/book.jpg',5),(77,'冯小婧','右边2','<p>哦放屁呢喷人品vunerp<br>啊是否你哦四否极角服务费巨额罚金巍峨附近啊是否你哦四否极角服务费巨额罚金巍峨附近啊是否你哦四否极角服务费巨额罚金巍峨附近啊是否你哦四否极角服务费巨额罚金巍峨附近啊是否你哦四否极角服务费巨额罚金巍峨附近啊是否你哦四否极角服务费巨额罚金巍峨附近啊是否你哦四否极角服务费巨额罚金巍峨附近</p>\n','tag2','学习笔记',NULL,NULL,'2017-05-15',0,0,'img/book.jpg',5),(78,'姚小城','随笔1','<p>厄尔哦ijeroi啊是否你哦四否极角服务费巨额罚金巍峨附近啊是否你哦四否极角服务费巨额罚金巍峨附近<br>啊是否你哦四否极角服务费巨额罚金巍峨附近啊是否你哦四否极角服务费巨额罚金巍峨附近啊是否你哦四否极角服务费巨额罚金巍峨附近啊是否你哦四否极角服务费巨额罚金巍峨附近啊是否你哦四否极角服务费巨额罚金巍峨附近啊是否你哦四否极角服务费巨额罚金巍峨附近啊是否你哦四否极角服务费巨额罚金巍峨附近</p>\n','tag3','生活随笔',NULL,NULL,'2017-05-15',3,0,'img/book.jpg',5),(79,'姚小城','随笔','<p>哦多数哦女哦平vneropnver<br>啊是否你哦四否极角服务费巨额罚金巍峨附近啊是否你哦四否极角服务费巨额罚金巍峨附近啊是否你哦四否极角服务费巨额罚金巍峨附近啊是否你哦四否极角服务费巨额罚金巍峨附近啊是否你哦四否极角服务费巨额罚金巍峨附近啊是否你哦四否极角服务费巨额罚金巍峨附近啊是否你哦四否极角服务费巨额罚金巍峨附近啊是否你哦四否极角服务费巨额罚金巍峨附近啊是否你哦四否极角服务费巨额罚金巍峨附近</p>\n','tag2','生活随笔',NULL,NULL,'2017-05-15',4,0,'img/book.jpg',5),(80,'冯小婧','随笔','<p>啊是否你哦四否极角服务费巨额罚金巍峨附近啊是否你哦四否极角服务费巨额罚金巍峨附近啊是否你哦四否极角服务费巨额罚金巍峨附近啊是否你哦四否极角服务费巨额罚金巍峨附近啊是否你哦四否极角服务费巨额罚金巍峨附近啊是否你哦四否极角服务费巨额罚金巍峨附近啊是否你哦四否极角服务费巨额罚金巍峨附近啊是否你哦四否极角服务费巨额罚金巍峨附近啊是否你哦四否极角服务费巨额罚金巍峨附近啊是否你哦四否极角服务费巨额罚金巍峨附近啊是否你哦四否极角服务费巨额罚金巍峨附近啊是否你哦四否极角服务费巨额罚金巍峨附近啊是否你哦四否极角服务费巨额罚金巍峨附近啊是否你哦四否极角服务费巨额罚金巍峨附近啊是否你哦四否极角服务费巨额罚金巍峨附近啊是否你哦四否极角服务费巨额罚金巍峨附近v</p>\n','tag','生活随笔',NULL,NULL,'2017-05-15',0,0,'img/book.jpg',5),(81,'姚小城','随笔1','<p>厄尔哦ijeroi啊是否你哦四否极角服务费巨额罚金巍峨附近啊是否你哦四否极角服务费巨额罚金巍峨附近<br>啊是否你哦四否极角服务费巨额罚金巍峨附近啊是否你哦四否极角服务费巨额罚金巍峨附近啊是否你哦四否极角服务费巨额罚金巍峨附近啊是否你哦四否极角服务费巨额罚金巍峨附近啊是否你哦四否极角服务费巨额罚金巍峨附近啊是否你哦四否极角服务费巨额罚金巍峨附近啊是否你哦四否极角服务费巨额罚金巍峨附近</p>\n','tag3','生活随笔',NULL,NULL,'2017-05-15',1,0,'img/book.jpg',5),(82,'姚小城','随笔','<p>哦多数哦女哦平vneropnver<br>啊是否你哦四否极角服务费巨额罚金巍峨附近啊是否你哦四否极角服务费巨额罚金巍峨附近啊是否你哦四否极角服务费巨额罚金巍峨附近啊是否你哦四否极角服务费巨额罚金巍峨附近啊是否你哦四否极角服务费巨额罚金巍峨附近啊是否你哦四否极角服务费巨额罚金巍峨附近啊是否你哦四否极角服务费巨额罚金巍峨附近啊是否你哦四否极角服务费巨额罚金巍峨附近啊是否你哦四否极角服务费巨额罚金巍峨附近</p>\n','tag2','生活随笔',NULL,NULL,'2017-05-15',2,0,'img/book.jpg',5),(83,'冯小婧','随笔','<p>啊是否你哦四否极角服务费巨额罚金巍峨附近啊是否你哦四否极角服务费巨额罚金巍峨附近啊是否你哦四否极角服务费巨额罚金巍峨附近啊是否你哦四否极角服务费巨额罚金巍峨附近啊是否你哦四否极角服务费巨额罚金巍峨附近啊是否你哦四否极角服务费巨额罚金巍峨附近啊是否你哦四否极角服务费巨额罚金巍峨附近啊是否你哦四否极角服务费巨额罚金巍峨附近啊是否你哦四否极角服务费巨额罚金巍峨附近啊是否你哦四否极角服务费巨额罚金巍峨附近啊是否你哦四否极角服务费巨额罚金巍峨附近啊是否你哦四否极角服务费巨额罚金巍峨附近啊是否你哦四否极角服务费巨额罚金巍峨附近啊是否你哦四否极角服务费巨额罚金巍峨附近啊是否你哦四否极角服务费巨额罚金巍峨附近啊是否你哦四否极角服务费巨额罚金巍峨附近v</p>\n','tag','生活随笔',NULL,NULL,'2017-05-15',0,0,'img/book.jpg',5),(84,'姚小城','随笔1','<p>厄尔哦ijeroi啊是否你哦四否极角服务费巨额罚金巍峨附近啊是否你哦四否极角服务费巨额罚金巍峨附近<br>啊是否你哦四否极角服务费巨额罚金巍峨附近啊是否你哦四否极角服务费巨额罚金巍峨附近啊是否你哦四否极角服务费巨额罚金巍峨附近啊是否你哦四否极角服务费巨额罚金巍峨附近啊是否你哦四否极角服务费巨额罚金巍峨附近啊是否你哦四否极角服务费巨额罚金巍峨附近啊是否你哦四否极角服务费巨额罚金巍峨附近</p>\n','tag3','生活随笔',NULL,NULL,'2017-05-15',0,0,'img/book.jpg',5),(85,'姚小城','随笔','<p>哦多数哦女哦平vneropnver<br>啊是否你哦四否极角服务费巨额罚金巍峨附近啊是否你哦四否极角服务费巨额罚金巍峨附近啊是否你哦四否极角服务费巨额罚金巍峨附近啊是否你哦四否极角服务费巨额罚金巍峨附近啊是否你哦四否极角服务费巨额罚金巍峨附近啊是否你哦四否极角服务费巨额罚金巍峨附近啊是否你哦四否极角服务费巨额罚金巍峨附近啊是否你哦四否极角服务费巨额罚金巍峨附近啊是否你哦四否极角服务费巨额罚金巍峨附近</p>\n','tag2','生活随笔',NULL,NULL,'2017-05-15',0,0,'img/book.jpg',5),(86,'冯小婧','随笔','<p>啊是否你哦四否极角服务费巨额罚金巍峨附近啊是否你哦四否极角服务费巨额罚金巍峨附近啊是否你哦四否极角服务费巨额罚金巍峨附近啊是否你哦四否极角服务费巨额罚金巍峨附近啊是否你哦四否极角服务费巨额罚金巍峨附近啊是否你哦四否极角服务费巨额罚金巍峨附近啊是否你哦四否极角服务费巨额罚金巍峨附近啊是否你哦四否极角服务费巨额罚金巍峨附近啊是否你哦四否极角服务费巨额罚金巍峨附近啊是否你哦四否极角服务费巨额罚金巍峨附近啊是否你哦四否极角服务费巨额罚金巍峨附近啊是否你哦四否极角服务费巨额罚金巍峨附近啊是否你哦四否极角服务费巨额罚金巍峨附近啊是否你哦四否极角服务费巨额罚金巍峨附近啊是否你哦四否极角服务费巨额罚金巍峨附近啊是否你哦四否极角服务费巨额罚金巍峨附近v</p>\n','tag','生活随笔',NULL,NULL,'2017-05-15',0,0,'img/book.jpg',5),(87,'姚小城','随笔1','<p>厄尔哦ijeroi啊是否你哦四否极角服务费巨额罚金巍峨附近啊是否你哦四否极角服务费巨额罚金巍峨附近<br>啊是否你哦四否极角服务费巨额罚金巍峨附近啊是否你哦四否极角服务费巨额罚金巍峨附近啊是否你哦四否极角服务费巨额罚金巍峨附近啊是否你哦四否极角服务费巨额罚金巍峨附近啊是否你哦四否极角服务费巨额罚金巍峨附近啊是否你哦四否极角服务费巨额罚金巍峨附近啊是否你哦四否极角服务费巨额罚金巍峨附近</p>\n','tag3','生活随笔',NULL,NULL,'2017-05-15',0,0,'img/book.jpg',5),(88,'姚小城','随笔','<p>哦多数哦女哦平vneropnver<br>啊是否你哦四否极角服务费巨额罚金巍峨附近啊是否你哦四否极角服务费巨额罚金巍峨附近啊是否你哦四否极角服务费巨额罚金巍峨附近啊是否你哦四否极角服务费巨额罚金巍峨附近啊是否你哦四否极角服务费巨额罚金巍峨附近啊是否你哦四否极角服务费巨额罚金巍峨附近啊是否你哦四否极角服务费巨额罚金巍峨附近啊是否你哦四否极角服务费巨额罚金巍峨附近啊是否你哦四否极角服务费巨额罚金巍峨附近</p>\n','tag2','生活随笔',NULL,NULL,'2017-05-15',0,0,'img/book.jpg',5),(89,'冯小婧','随笔','<p>啊是否你哦四否极角服务费巨额罚金巍峨附近啊是否你哦四否极角服务费巨额罚金巍峨附近啊是否你哦四否极角服务费巨额罚金巍峨附近啊是否你哦四否极角服务费巨额罚金巍峨附近啊是否你哦四否极角服务费巨额罚金巍峨附近啊是否你哦四否极角服务费巨额罚金巍峨附近啊是否你哦四否极角服务费巨额罚金巍峨附近啊是否你哦四否极角服务费巨额罚金巍峨附近啊是否你哦四否极角服务费巨额罚金巍峨附近啊是否你哦四否极角服务费巨额罚金巍峨附近啊是否你哦四否极角服务费巨额罚金巍峨附近啊是否你哦四否极角服务费巨额罚金巍峨附近啊是否你哦四否极角服务费巨额罚金巍峨附近啊是否你哦四否极角服务费巨额罚金巍峨附近啊是否你哦四否极角服务费巨额罚金巍峨附近啊是否你哦四否极角服务费巨额罚金巍峨附近v</p>\n','tag','生活随笔',NULL,NULL,'2017-05-15',0,0,'img/book.jpg',5),(91,'姚小城','左边1','<p>啊是否你哦四否极角服务费巨额罚金巍峨附近<br>啊是否你哦四否极角服务费巨额罚金巍峨附近<br>啊是否你哦四否极角服务费巨额罚金巍峨附近啊是否你哦四否极角服务费巨额罚金巍峨附近<br>啊是否你哦四否极角服务费巨额罚金巍峨附近<br>啊是否你哦四否极角服务费巨额罚金巍峨附近啊是否你哦四否极角服务费巨额罚金巍峨附近</p>\n','tag1','学习笔记',NULL,NULL,'2017-05-15',0,0,'img/book.jpg',5),(92,'姚小城','左边2','<p>啊是否你哦四否极角服务费巨额罚金巍峨附近啊是否你哦四否极角服务费巨额罚金巍峨附近<br>啊是否你哦四否极角服务费巨额罚金巍峨附近啊是否你哦四否极角服务费巨额罚金巍峨附近啊是否你哦四否极角服务费巨额罚金巍峨附近啊是否你哦四否极角服务费巨额罚金巍峨附近啊是否你哦四否极角服务费巨额罚金巍峨附近啊是否你哦四否极角服务费巨额罚金巍峨附近啊是否你哦四否极角服务费巨额罚金巍峨附近啊是否你哦四否极角服务费巨额罚金巍峨附近啊是否你哦四否极角服务费巨额罚金巍峨附近啊是否你哦四否极角服务费巨额罚金巍峨附近啊是否你哦四否极角服务费巨额罚金巍峨附近啊是否你哦四否极角服务费巨额罚金巍峨附近</p>\n','tag1','学习笔记',NULL,NULL,'2017-05-15',0,0,'img/book.jpg',5),(93,'冯小婧','右边1','<p>丹佛；iwo[nr[ernner[ 啊是否你哦四否极角服务费巨额罚金巍峨附近<br>啊是否你哦四否极角服务费巨额罚金巍峨附近啊是否你哦四否极角服务费巨额罚金巍峨附近啊是否你哦四否极角服务费巨额罚金巍峨附近<br>啊是否你哦四否极角服务费巨额罚金巍峨附近啊是否你哦四否极角服务费巨额罚金巍峨附近<br>啊是否你哦四否极角服务费巨额罚金巍峨附近啊是否你哦四否极角服务费巨额罚金巍峨附近<br>啊是否你哦四否极角服务费巨额罚金巍峨附近啊是否你哦四否极角服务费巨额罚金巍峨附近</p>\n','tag2','学习笔记',NULL,NULL,'2017-05-15',0,0,'img/book.jpg',5),(94,'冯小婧','右边2','<p>哦放屁呢喷人品vunerp<br>啊是否你哦四否极角服务费巨额罚金巍峨附近啊是否你哦四否极角服务费巨额罚金巍峨附近啊是否你哦四否极角服务费巨额罚金巍峨附近啊是否你哦四否极角服务费巨额罚金巍峨附近啊是否你哦四否极角服务费巨额罚金巍峨附近啊是否你哦四否极角服务费巨额罚金巍峨附近啊是否你哦四否极角服务费巨额罚金巍峨附近</p>\n','tag2','学习笔记',NULL,NULL,'2017-05-15',0,0,'img/book.jpg',5),(98,'姚小城','左边1','<p>啊是否你哦四否极角服务费巨额罚金巍峨附近<br>啊是否你哦四否极角服务费巨额罚金巍峨附近<br>啊是否你哦四否极角服务费巨额罚金巍峨附近啊是否你哦四否极角服务费巨额罚金巍峨附近<br>啊是否你哦四否极角服务费巨额罚金巍峨附近<br>啊是否你哦四否极角服务费巨额罚金巍峨附近啊是否你哦四否极角服务费巨额罚金巍峨附近</p>\n','tag1','学习笔记',NULL,NULL,'2017-05-15',0,0,'img/book.jpg',5),(99,'姚小城','左边2','<p>啊是否你哦四否极角服务费巨额罚金巍峨附近啊是否你哦四否极角服务费巨额罚金巍峨附近<br>啊是否你哦四否极角服务费巨额罚金巍峨附近啊是否你哦四否极角服务费巨额罚金巍峨附近啊是否你哦四否极角服务费巨额罚金巍峨附近啊是否你哦四否极角服务费巨额罚金巍峨附近啊是否你哦四否极角服务费巨额罚金巍峨附近啊是否你哦四否极角服务费巨额罚金巍峨附近啊是否你哦四否极角服务费巨额罚金巍峨附近啊是否你哦四否极角服务费巨额罚金巍峨附近啊是否你哦四否极角服务费巨额罚金巍峨附近啊是否你哦四否极角服务费巨额罚金巍峨附近啊是否你哦四否极角服务费巨额罚金巍峨附近啊是否你哦四否极角服务费巨额罚金巍峨附近</p>\n','tag1','学习笔记',NULL,NULL,'2017-05-15',0,0,'img/book.jpg',5),(100,'冯小婧','右边1','<p>丹佛；iwo[nr[ernner[ 啊是否你哦四否极角服务费巨额罚金巍峨附近<br>啊是否你哦四否极角服务费巨额罚金巍峨附近啊是否你哦四否极角服务费巨额罚金巍峨附近啊是否你哦四否极角服务费巨额罚金巍峨附近<br>啊是否你哦四否极角服务费巨额罚金巍峨附近啊是否你哦四否极角服务费巨额罚金巍峨附近<br>啊是否你哦四否极角服务费巨额罚金巍峨附近啊是否你哦四否极角服务费巨额罚金巍峨附近<br>啊是否你哦四否极角服务费巨额罚金巍峨附近啊是否你哦四否极角服务费巨额罚金巍峨附近</p>\n','tag2','学习笔记',NULL,NULL,'2017-05-15',0,0,'img/book.jpg',5),(101,'冯小婧','右边2','<p>哦放屁呢喷人品vunerp<br>啊是否你哦四否极角服务费巨额罚金巍峨附近啊是否你哦四否极角服务费巨额罚金巍峨附近啊是否你哦四否极角服务费巨额罚金巍峨附近啊是否你哦四否极角服务费巨额罚金巍峨附近啊是否你哦四否极角服务费巨额罚金巍峨附近啊是否你哦四否极角服务费巨额罚金巍峨附近啊是否你哦四否极角服务费巨额罚金巍峨附近</p>\n','tag2','学习笔记',NULL,NULL,'2017-05-15',0,0,'img/book.jpg',5),(102,'姚小城','左边1','<p>啊是否你哦四否极角服务费巨额罚金巍峨附近<br>啊是否你哦四否极角服务费巨额罚金巍峨附近<br>啊是否你哦四否极角服务费巨额罚金巍峨附近啊是否你哦四否极角服务费巨额罚金巍峨附近<br>啊是否你哦四否极角服务费巨额罚金巍峨附近<br>啊是否你哦四否极角服务费巨额罚金巍峨附近啊是否你哦四否极角服务费巨额罚金巍峨附近</p>\n','tag1','学习笔记',NULL,NULL,'2017-05-15',0,0,'img/book.jpg',5),(103,'姚小城','左边2','<p>啊是否你哦四否极角服务费巨额罚金巍峨附近啊是否你哦四否极角服务费巨额罚金巍峨附近<br>啊是否你哦四否极角服务费巨额罚金巍峨附近啊是否你哦四否极角服务费巨额罚金巍峨附近啊是否你哦四否极角服务费巨额罚金巍峨附近啊是否你哦四否极角服务费巨额罚金巍峨附近啊是否你哦四否极角服务费巨额罚金巍峨附近啊是否你哦四否极角服务费巨额罚金巍峨附近啊是否你哦四否极角服务费巨额罚金巍峨附近啊是否你哦四否极角服务费巨额罚金巍峨附近啊是否你哦四否极角服务费巨额罚金巍峨附近啊是否你哦四否极角服务费巨额罚金巍峨附近啊是否你哦四否极角服务费巨额罚金巍峨附近啊是否你哦四否极角服务费巨额罚金巍峨附近</p>\n','tag1','学习笔记',NULL,NULL,'2017-05-15',0,0,'img/book.jpg',5),(104,'冯小婧','右边1','<p>丹佛；iwo[nr[ernner[ 啊是否你哦四否极角服务费巨额罚金巍峨附近<br>啊是否你哦四否极角服务费巨额罚金巍峨附近啊是否你哦四否极角服务费巨额罚金巍峨附近啊是否你哦四否极角服务费巨额罚金巍峨附近<br>啊是否你哦四否极角服务费巨额罚金巍峨附近啊是否你哦四否极角服务费巨额罚金巍峨附近<br>啊是否你哦四否极角服务费巨额罚金巍峨附近啊是否你哦四否极角服务费巨额罚金巍峨附近<br>啊是否你哦四否极角服务费巨额罚金巍峨附近啊是否你哦四否极角服务费巨额罚金巍峨附近</p>\n','tag2','学习笔记',NULL,NULL,'2017-05-15',16,0,'img/book.jpg',6),(105,'冯小婧','右边2','<p>哦放屁呢喷人品vunerp<br>啊是否你哦四否极角服务费巨额罚金巍峨附近啊是否你哦四否极角服务费巨额罚金巍峨附近啊是否你哦四否极角服务费巨额罚金巍峨附近啊是否你哦四否极角服务费巨额罚金巍峨附近啊是否你哦四否极角服务费巨额罚金巍峨附近啊是否你哦四否极角服务费巨额罚金巍峨附近啊是否你哦四否极角服务费巨额罚金巍峨附近</p>\n','tag2','学习笔记',NULL,NULL,'2017-05-15',0,0,'img/book.jpg',5),(113,'姚小城','左边1','<p>啊是否你哦四否极角服务费巨额罚金巍峨附近<br>啊是否你哦四否极角服务费巨额罚金巍峨附近<br>啊是否你哦四否极角服务费巨额罚金巍峨附近啊是否你哦四否极角服务费巨额罚金巍峨附近<br>啊是否你哦四否极角服务费巨额罚金巍峨附近<br>啊是否你哦四否极角服务费巨额罚金巍峨附近啊是否你哦四否极角服务费巨额罚金巍峨附近</p>\n','tag1','学习笔记',NULL,NULL,'2017-05-15',0,0,'img/book.jpg',5),(114,'姚小城','左边2','<p>啊是否你哦四否极角服务费巨额罚金巍峨附近啊是否你哦四否极角服务费巨额罚金巍峨附近<br>啊是否你哦四否极角服务费巨额罚金巍峨附近啊是否你哦四否极角服务费巨额罚金巍峨附近啊是否你哦四否极角服务费巨额罚金巍峨附近啊是否你哦四否极角服务费巨额罚金巍峨附近啊是否你哦四否极角服务费巨额罚金巍峨附近啊是否你哦四否极角服务费巨额罚金巍峨附近啊是否你哦四否极角服务费巨额罚金巍峨附近啊是否你哦四否极角服务费巨额罚金巍峨附近啊是否你哦四否极角服务费巨额罚金巍峨附近啊是否你哦四否极角服务费巨额罚金巍峨附近啊是否你哦四否极角服务费巨额罚金巍峨附近啊是否你哦四否极角服务费巨额罚金巍峨附近</p>\n','tag1','学习笔记',NULL,NULL,'2017-05-15',0,0,'img/book.jpg',5),(115,'冯小婧','右边1','<p>丹佛；iwo[nr[ernner[ 啊是否你哦四否极角服务费巨额罚金巍峨附近<br>啊是否你哦四否极角服务费巨额罚金巍峨附近啊是否你哦四否极角服务费巨额罚金巍峨附近啊是否你哦四否极角服务费巨额罚金巍峨附近<br>啊是否你哦四否极角服务费巨额罚金巍峨附近啊是否你哦四否极角服务费巨额罚金巍峨附近<br>啊是否你哦四否极角服务费巨额罚金巍峨附近啊是否你哦四否极角服务费巨额罚金巍峨附近<br>啊是否你哦四否极角服务费巨额罚金巍峨附近啊是否你哦四否极角服务费巨额罚金巍峨附近</p>\n','tag2','学习笔记',NULL,NULL,'2017-05-15',0,0,'img/book.jpg',5),(116,'冯小婧','右边2','<p>哦放屁呢喷人品vunerp<br>啊是否你哦四否极角服务费巨额罚金巍峨附近啊是否你哦四否极角服务费巨额罚金巍峨附近啊是否你哦四否极角服务费巨额罚金巍峨附近啊是否你哦四否极角服务费巨额罚金巍峨附近啊是否你哦四否极角服务费巨额罚金巍峨附近啊是否你哦四否极角服务费巨额罚金巍峨附近啊是否你哦四否极角服务费巨额罚金巍峨附近</p>\n','tag2','学习笔记',NULL,NULL,'2017-05-15',0,0,'img/book.jpg',6),(117,'姚小城','左边1','<p>啊是否你哦四否极角服务费巨额罚金巍峨附近<br>啊是否你哦四否极角服务费巨额罚金巍峨附近<br>啊是否你哦四否极角服务费巨额罚金巍峨附近啊是否你哦四否极角服务费巨额罚金巍峨附近<br>啊是否你哦四否极角服务费巨额罚金巍峨附近<br>啊是否你哦四否极角服务费巨额罚金巍峨附近啊是否你哦四否极角服务费巨额罚金巍峨附近</p>\n','tag1','学习笔记',NULL,NULL,'2017-05-15',0,0,'img/book.jpg',5),(118,'姚小城','左边2','<p>啊是否你哦四否极角服务费巨额罚金巍峨附近啊是否你哦四否极角服务费巨额罚金巍峨附近<br>啊是否你哦四否极角服务费巨额罚金巍峨附近啊是否你哦四否极角服务费巨额罚金巍峨附近啊是否你哦四否极角服务费巨额罚金巍峨附近啊是否你哦四否极角服务费巨额罚金巍峨附近啊是否你哦四否极角服务费巨额罚金巍峨附近啊是否你哦四否极角服务费巨额罚金巍峨附近啊是否你哦四否极角服务费巨额罚金巍峨附近啊是否你哦四否极角服务费巨额罚金巍峨附近啊是否你哦四否极角服务费巨额罚金巍峨附近啊是否你哦四否极角服务费巨额罚金巍峨附近啊是否你哦四否极角服务费巨额罚金巍峨附近啊是否你哦四否极角服务费巨额罚金巍峨附近</p>\n','tag1','学习笔记',NULL,NULL,'2017-05-15',0,0,'img/book.jpg',5),(119,'冯小婧','右边1','<p>丹佛；iwo[nr[ernner[ 啊是否你哦四否极角服务费巨额罚金巍峨附近<br>啊是否你哦四否极角服务费巨额罚金巍峨附近啊是否你哦四否极角服务费巨额罚金巍峨附近啊是否你哦四否极角服务费巨额罚金巍峨附近<br>啊是否你哦四否极角服务费巨额罚金巍峨附近啊是否你哦四否极角服务费巨额罚金巍峨附近<br>啊是否你哦四否极角服务费巨额罚金巍峨附近啊是否你哦四否极角服务费巨额罚金巍峨附近<br>啊是否你哦四否极角服务费巨额罚金巍峨附近啊是否你哦四否极角服务费巨额罚金巍峨附近</p>\n','tag2','学习笔记',NULL,NULL,'2017-05-15',0,0,'img/book.jpg',5),(120,'冯小婧','右边2','<p>哦放屁呢喷人品vunerp<br>啊是否你哦四否极角服务费巨额罚金巍峨附近啊是否你哦四否极角服务费巨额罚金巍峨附近啊是否你哦四否极角服务费巨额罚金巍峨附近啊是否你哦四否极角服务费巨额罚金巍峨附近啊是否你哦四否极角服务费巨额罚金巍峨附近啊是否你哦四否极角服务费巨额罚金巍峨附近啊是否你哦四否极角服务费巨额罚金巍峨附近</p>\n','tag2','学习笔记',NULL,NULL,'2017-05-15',0,0,'img/book.jpg',5),(121,'姚小城','左边1','<p>啊是否你哦四否极角服务费巨额罚金巍峨附近<br>啊是否你哦四否极角服务费巨额罚金巍峨附近<br>啊是否你哦四否极角服务费巨额罚金巍峨附近啊是否你哦四否极角服务费巨额罚金巍峨附近<br>啊是否你哦四否极角服务费巨额罚金巍峨附近<br>啊是否你哦四否极角服务费巨额罚金巍峨附近啊是否你哦四否极角服务费巨额罚金巍峨附近</p>\n','tag1','学习笔记',NULL,NULL,'2017-05-15',0,0,'img/book.jpg',5),(122,'姚小城','左边2','<p>啊是否你哦四否极角服务费巨额罚金巍峨附近啊是否你哦四否极角服务费巨额罚金巍峨附近<br>啊是否你哦四否极角服务费巨额罚金巍峨附近啊是否你哦四否极角服务费巨额罚金巍峨附近啊是否你哦四否极角服务费巨额罚金巍峨附近啊是否你哦四否极角服务费巨额罚金巍峨附近啊是否你哦四否极角服务费巨额罚金巍峨附近啊是否你哦四否极角服务费巨额罚金巍峨附近啊是否你哦四否极角服务费巨额罚金巍峨附近啊是否你哦四否极角服务费巨额罚金巍峨附近啊是否你哦四否极角服务费巨额罚金巍峨附近啊是否你哦四否极角服务费巨额罚金巍峨附近啊是否你哦四否极角服务费巨额罚金巍峨附近啊是否你哦四否极角服务费巨额罚金巍峨附近</p>\n','tag1','学习笔记',NULL,NULL,'2017-05-15',0,0,'img/book.jpg',5),(123,'冯小婧','右边1','<p>丹佛；iwo[nr[ernner[ 啊是否你哦四否极角服务费巨额罚金巍峨附近<br>啊是否你哦四否极角服务费巨额罚金巍峨附近啊是否你哦四否极角服务费巨额罚金巍峨附近啊是否你哦四否极角服务费巨额罚金巍峨附近<br>啊是否你哦四否极角服务费巨额罚金巍峨附近啊是否你哦四否极角服务费巨额罚金巍峨附近<br>啊是否你哦四否极角服务费巨额罚金巍峨附近啊是否你哦四否极角服务费巨额罚金巍峨附近<br>啊是否你哦四否极角服务费巨额罚金巍峨附近啊是否你哦四否极角服务费巨额罚金巍峨附近</p>\n','tag2','学习笔记',NULL,NULL,'2017-05-15',0,0,'img/book.jpg',5),(124,'冯小婧','右边2','<p>哦放屁呢喷人品vunerp<br>啊是否你哦四否极角服务费巨额罚金巍峨附近啊是否你哦四否极角服务费巨额罚金巍峨附近啊是否你哦四否极角服务费巨额罚金巍峨附近啊是否你哦四否极角服务费巨额罚金巍峨附近啊是否你哦四否极角服务费巨额罚金巍峨附近啊是否你哦四否极角服务费巨额罚金巍峨附近啊是否你哦四否极角服务费巨额罚金巍峨附近</p>\n','tag2','学习笔记',NULL,NULL,'2017-05-15',0,0,'img/book.jpg',5),(125,'姚小城','左边1','<p>啊是否你哦四否极角服务费巨额罚金巍峨附近<br>啊是否你哦四否极角服务费巨额罚金巍峨附近<br>啊是否你哦四否极角服务费巨额罚金巍峨附近啊是否你哦四否极角服务费巨额罚金巍峨附近<br>啊是否你哦四否极角服务费巨额罚金巍峨附近<br>啊是否你哦四否极角服务费巨额罚金巍峨附近啊是否你哦四否极角服务费巨额罚金巍峨附近</p>\n','tag1','学习笔记',NULL,NULL,'2017-05-15',0,0,'img/book.jpg',5),(126,'姚小城','左边2','<p>啊是否你哦四否极角服务费巨额罚金巍峨附近啊是否你哦四否极角服务费巨额罚金巍峨附近<br>啊是否你哦四否极角服务费巨额罚金巍峨附近啊是否你哦四否极角服务费巨额罚金巍峨附近啊是否你哦四否极角服务费巨额罚金巍峨附近啊是否你哦四否极角服务费巨额罚金巍峨附近啊是否你哦四否极角服务费巨额罚金巍峨附近啊是否你哦四否极角服务费巨额罚金巍峨附近啊是否你哦四否极角服务费巨额罚金巍峨附近啊是否你哦四否极角服务费巨额罚金巍峨附近啊是否你哦四否极角服务费巨额罚金巍峨附近啊是否你哦四否极角服务费巨额罚金巍峨附近啊是否你哦四否极角服务费巨额罚金巍峨附近啊是否你哦四否极角服务费巨额罚金巍峨附近</p>\n','tag1','学习笔记',NULL,NULL,'2017-05-15',0,0,'img/book.jpg',5),(127,'冯小婧','右边1','<p>丹佛；iwo[nr[ernner[ 啊是否你哦四否极角服务费巨额罚金巍峨附近<br>啊是否你哦四否极角服务费巨额罚金巍峨附近啊是否你哦四否极角服务费巨额罚金巍峨附近啊是否你哦四否极角服务费巨额罚金巍峨附近<br>啊是否你哦四否极角服务费巨额罚金巍峨附近啊是否你哦四否极角服务费巨额罚金巍峨附近<br>啊是否你哦四否极角服务费巨额罚金巍峨附近啊是否你哦四否极角服务费巨额罚金巍峨附近<br>啊是否你哦四否极角服务费巨额罚金巍峨附近啊是否你哦四否极角服务费巨额罚金巍峨附近</p>\n','tag2','学习笔记',NULL,NULL,'2017-05-15',0,0,'img/book.jpg',5),(128,'冯小婧','右边2','<p>哦放屁呢喷人品vunerp<br>啊是否你哦四否极角服务费巨额罚金巍峨附近啊是否你哦四否极角服务费巨额罚金巍峨附近啊是否你哦四否极角服务费巨额罚金巍峨附近啊是否你哦四否极角服务费巨额罚金巍峨附近啊是否你哦四否极角服务费巨额罚金巍峨附近啊是否你哦四否极角服务费巨额罚金巍峨附近啊是否你哦四否极角服务费巨额罚金巍峨附近</p>\n','tag2','学习笔记',NULL,NULL,'2017-05-15',0,0,'img/book.jpg',5),(144,'姚小城','随笔1','<p>厄尔哦ijeroi啊是否你哦四否极角服务费巨额罚金巍峨附近啊是否你哦四否极角服务费巨额罚金巍峨附近<br>啊是否你哦四否极角服务费巨额罚金巍峨附近啊是否你哦四否极角服务费巨额罚金巍峨附近啊是否你哦四否极角服务费巨额罚金巍峨附近啊是否你哦四否极角服务费巨额罚金巍峨附近啊是否你哦四否极角服务费巨额罚金巍峨附近啊是否你哦四否极角服务费巨额罚金巍峨附近啊是否你哦四否极角服务费巨额罚金巍峨附近</p>\n','tag3','生活随笔',NULL,NULL,'2017-05-15',0,0,'img/book.jpg',5),(145,'姚小城','随笔','<p>哦多数哦女哦平vneropnver<br>啊是否你哦四否极角服务费巨额罚金巍峨附近啊是否你哦四否极角服务费巨额罚金巍峨附近啊是否你哦四否极角服务费巨额罚金巍峨附近啊是否你哦四否极角服务费巨额罚金巍峨附近啊是否你哦四否极角服务费巨额罚金巍峨附近啊是否你哦四否极角服务费巨额罚金巍峨附近啊是否你哦四否极角服务费巨额罚金巍峨附近啊是否你哦四否极角服务费巨额罚金巍峨附近啊是否你哦四否极角服务费巨额罚金巍峨附近</p>\n','tag2','生活随笔',NULL,NULL,'2017-05-15',3,0,'img/book.jpg',6),(146,'冯小婧','随笔','<p>啊是否你哦四否极角服务费巨额罚金巍峨附近啊是否你哦四否极角服务费巨额罚金巍峨附近啊是否你哦四否极角服务费巨额罚金巍峨附近啊是否你哦四否极角服务费巨额罚金巍峨附近啊是否你哦四否极角服务费巨额罚金巍峨附近啊是否你哦四否极角服务费巨额罚金巍峨附近啊是否你哦四否极角服务费巨额罚金巍峨附近啊是否你哦四否极角服务费巨额罚金巍峨附近啊是否你哦四否极角服务费巨额罚金巍峨附近啊是否你哦四否极角服务费巨额罚金巍峨附近啊是否你哦四否极角服务费巨额罚金巍峨附近啊是否你哦四否极角服务费巨额罚金巍峨附近啊是否你哦四否极角服务费巨额罚金巍峨附近啊是否你哦四否极角服务费巨额罚金巍峨附近啊是否你哦四否极角服务费巨额罚金巍峨附近啊是否你哦四否极角服务费巨额罚金巍峨附近v</p>\n','tag','生活随笔',NULL,NULL,'2017-05-15',0,0,'img/book.jpg',5),(147,'姚小城','随笔1','<p>厄尔哦ijeroi啊是否你哦四否极角服务费巨额罚金巍峨附近啊是否你哦四否极角服务费巨额罚金巍峨附近<br>啊是否你哦四否极角服务费巨额罚金巍峨附近啊是否你哦四否极角服务费巨额罚金巍峨附近啊是否你哦四否极角服务费巨额罚金巍峨附近啊是否你哦四否极角服务费巨额罚金巍峨附近啊是否你哦四否极角服务费巨额罚金巍峨附近啊是否你哦四否极角服务费巨额罚金巍峨附近啊是否你哦四否极角服务费巨额罚金巍峨附近</p>\n','tag3','生活随笔',NULL,NULL,'2017-05-15',0,0,'img/book.jpg',5),(148,'姚小城','随笔','<p>哦多数哦女哦平vneropnver<br>啊是否你哦四否极角服务费巨额罚金巍峨附近啊是否你哦四否极角服务费巨额罚金巍峨附近啊是否你哦四否极角服务费巨额罚金巍峨附近啊是否你哦四否极角服务费巨额罚金巍峨附近啊是否你哦四否极角服务费巨额罚金巍峨附近啊是否你哦四否极角服务费巨额罚金巍峨附近啊是否你哦四否极角服务费巨额罚金巍峨附近啊是否你哦四否极角服务费巨额罚金巍峨附近啊是否你哦四否极角服务费巨额罚金巍峨附近</p>\n','tag2','生活随笔',NULL,NULL,'2017-05-15',0,0,'img/book.jpg',5),(149,'冯小婧','随笔','<p>啊是否你哦四否极角服务费巨额罚金巍峨附近啊是否你哦四否极角服务费巨额罚金巍峨附近啊是否你哦四否极角服务费巨额罚金巍峨附近啊是否你哦四否极角服务费巨额罚金巍峨附近啊是否你哦四否极角服务费巨额罚金巍峨附近啊是否你哦四否极角服务费巨额罚金巍峨附近啊是否你哦四否极角服务费巨额罚金巍峨附近啊是否你哦四否极角服务费巨额罚金巍峨附近啊是否你哦四否极角服务费巨额罚金巍峨附近啊是否你哦四否极角服务费巨额罚金巍峨附近啊是否你哦四否极角服务费巨额罚金巍峨附近啊是否你哦四否极角服务费巨额罚金巍峨附近啊是否你哦四否极角服务费巨额罚金巍峨附近啊是否你哦四否极角服务费巨额罚金巍峨附近啊是否你哦四否极角服务费巨额罚金巍峨附近啊是否你哦四否极角服务费巨额罚金巍峨附近v</p>\n','tag','生活随笔',NULL,NULL,'2017-05-15',0,0,'img/book.jpg',5),(150,'姚小城','随笔1','<p>厄尔哦ijeroi啊是否你哦四否极角服务费巨额罚金巍峨附近啊是否你哦四否极角服务费巨额罚金巍峨附近<br>啊是否你哦四否极角服务费巨额罚金巍峨附近啊是否你哦四否极角服务费巨额罚金巍峨附近啊是否你哦四否极角服务费巨额罚金巍峨附近啊是否你哦四否极角服务费巨额罚金巍峨附近啊是否你哦四否极角服务费巨额罚金巍峨附近啊是否你哦四否极角服务费巨额罚金巍峨附近啊是否你哦四否极角服务费巨额罚金巍峨附近</p>\n','tag3','生活随笔',NULL,NULL,'2017-05-15',0,0,'img/book.jpg',5),(151,'姚小城','随笔','<p>哦多数哦女哦平vneropnver<br>啊是否你哦四否极角服务费巨额罚金巍峨附近啊是否你哦四否极角服务费巨额罚金巍峨附近啊是否你哦四否极角服务费巨额罚金巍峨附近啊是否你哦四否极角服务费巨额罚金巍峨附近啊是否你哦四否极角服务费巨额罚金巍峨附近啊是否你哦四否极角服务费巨额罚金巍峨附近啊是否你哦四否极角服务费巨额罚金巍峨附近啊是否你哦四否极角服务费巨额罚金巍峨附近啊是否你哦四否极角服务费巨额罚金巍峨附近</p>\n','tag2','生活随笔',NULL,NULL,'2017-05-15',0,0,'img/book.jpg',5),(152,'冯小婧','随笔','<p>啊是否你哦四否极角服务费巨额罚金巍峨附近啊是否你哦四否极角服务费巨额罚金巍峨附近啊是否你哦四否极角服务费巨额罚金巍峨附近啊是否你哦四否极角服务费巨额罚金巍峨附近啊是否你哦四否极角服务费巨额罚金巍峨附近啊是否你哦四否极角服务费巨额罚金巍峨附近啊是否你哦四否极角服务费巨额罚金巍峨附近啊是否你哦四否极角服务费巨额罚金巍峨附近啊是否你哦四否极角服务费巨额罚金巍峨附近啊是否你哦四否极角服务费巨额罚金巍峨附近啊是否你哦四否极角服务费巨额罚金巍峨附近啊是否你哦四否极角服务费巨额罚金巍峨附近啊是否你哦四否极角服务费巨额罚金巍峨附近啊是否你哦四否极角服务费巨额罚金巍峨附近啊是否你哦四否极角服务费巨额罚金巍峨附近啊是否你哦四否极角服务费巨额罚金巍峨附近v</p>\n','tag','生活随笔',NULL,NULL,'2017-05-15',0,0,'img/book.jpg',5),(153,'姚小城','随笔1','<p>厄尔哦ijeroi啊是否你哦四否极角服务费巨额罚金巍峨附近啊是否你哦四否极角服务费巨额罚金巍峨附近<br>啊是否你哦四否极角服务费巨额罚金巍峨附近啊是否你哦四否极角服务费巨额罚金巍峨附近啊是否你哦四否极角服务费巨额罚金巍峨附近啊是否你哦四否极角服务费巨额罚金巍峨附近啊是否你哦四否极角服务费巨额罚金巍峨附近啊是否你哦四否极角服务费巨额罚金巍峨附近啊是否你哦四否极角服务费巨额罚金巍峨附近</p>\n','tag3','生活随笔',NULL,NULL,'2017-05-15',0,0,'img/book.jpg',5),(154,'姚小城','随笔','<p>哦多数哦女哦平vneropnver<br>啊是否你哦四否极角服务费巨额罚金巍峨附近啊是否你哦四否极角服务费巨额罚金巍峨附近啊是否你哦四否极角服务费巨额罚金巍峨附近啊是否你哦四否极角服务费巨额罚金巍峨附近啊是否你哦四否极角服务费巨额罚金巍峨附近啊是否你哦四否极角服务费巨额罚金巍峨附近啊是否你哦四否极角服务费巨额罚金巍峨附近啊是否你哦四否极角服务费巨额罚金巍峨附近啊是否你哦四否极角服务费巨额罚金巍峨附近</p>\n','tag2','生活随笔',NULL,NULL,'2017-05-15',0,0,'img/book.jpg',5),(155,'冯小婧','随笔','<p>啊是否你哦四否极角服务费巨额罚金巍峨附近啊是否你哦四否极角服务费巨额罚金巍峨附近啊是否你哦四否极角服务费巨额罚金巍峨附近啊是否你哦四否极角服务费巨额罚金巍峨附近啊是否你哦四否极角服务费巨额罚金巍峨附近啊是否你哦四否极角服务费巨额罚金巍峨附近啊是否你哦四否极角服务费巨额罚金巍峨附近啊是否你哦四否极角服务费巨额罚金巍峨附近啊是否你哦四否极角服务费巨额罚金巍峨附近啊是否你哦四否极角服务费巨额罚金巍峨附近啊是否你哦四否极角服务费巨额罚金巍峨附近啊是否你哦四否极角服务费巨额罚金巍峨附近啊是否你哦四否极角服务费巨额罚金巍峨附近啊是否你哦四否极角服务费巨额罚金巍峨附近啊是否你哦四否极角服务费巨额罚金巍峨附近啊是否你哦四否极角服务费巨额罚金巍峨附近v</p>\n','tag','生活随笔',NULL,NULL,'2017-05-15',0,0,'img/book.jpg',5),(159,'姚小城','随笔1','<p>厄尔哦ijeroi啊是否你哦四否极角服务费巨额罚金巍峨附近啊是否你哦四否极角服务费巨额罚金巍峨附近<br>啊是否你哦四否极角服务费巨额罚金巍峨附近啊是否你哦四否极角服务费巨额罚金巍峨附近啊是否你哦四否极角服务费巨额罚金巍峨附近啊是否你哦四否极角服务费巨额罚金巍峨附近啊是否你哦四否极角服务费巨额罚金巍峨附近啊是否你哦四否极角服务费巨额罚金巍峨附近啊是否你哦四否极角服务费巨额罚金巍峨附近</p>\n','tag3','生活随笔',NULL,NULL,'2017-05-15',0,0,'img/book.jpg',5),(160,'姚小城','随笔','<p>哦多数哦女哦平vneropnver<br>啊是否你哦四否极角服务费巨额罚金巍峨附近啊是否你哦四否极角服务费巨额罚金巍峨附近啊是否你哦四否极角服务费巨额罚金巍峨附近啊是否你哦四否极角服务费巨额罚金巍峨附近啊是否你哦四否极角服务费巨额罚金巍峨附近啊是否你哦四否极角服务费巨额罚金巍峨附近啊是否你哦四否极角服务费巨额罚金巍峨附近啊是否你哦四否极角服务费巨额罚金巍峨附近啊是否你哦四否极角服务费巨额罚金巍峨附近</p>\n','tag2','生活随笔',NULL,NULL,'2017-05-15',0,0,'img/book.jpg',5),(161,'冯小婧','随笔','<p>啊是否你哦四否极角服务费巨额罚金巍峨附近啊是否你哦四否极角服务费巨额罚金巍峨附近啊是否你哦四否极角服务费巨额罚金巍峨附近啊是否你哦四否极角服务费巨额罚金巍峨附近啊是否你哦四否极角服务费巨额罚金巍峨附近啊是否你哦四否极角服务费巨额罚金巍峨附近啊是否你哦四否极角服务费巨额罚金巍峨附近啊是否你哦四否极角服务费巨额罚金巍峨附近啊是否你哦四否极角服务费巨额罚金巍峨附近啊是否你哦四否极角服务费巨额罚金巍峨附近啊是否你哦四否极角服务费巨额罚金巍峨附近啊是否你哦四否极角服务费巨额罚金巍峨附近啊是否你哦四否极角服务费巨额罚金巍峨附近啊是否你哦四否极角服务费巨额罚金巍峨附近啊是否你哦四否极角服务费巨额罚金巍峨附近啊是否你哦四否极角服务费巨额罚金巍峨附近v</p>\n','tag','生活随笔',NULL,NULL,'2017-05-15',0,0,'img/book.jpg',5),(162,'姚小城','随笔1','<p>厄尔哦ijeroi啊是否你哦四否极角服务费巨额罚金巍峨附近啊是否你哦四否极角服务费巨额罚金巍峨附近<br>啊是否你哦四否极角服务费巨额罚金巍峨附近啊是否你哦四否极角服务费巨额罚金巍峨附近啊是否你哦四否极角服务费巨额罚金巍峨附近啊是否你哦四否极角服务费巨额罚金巍峨附近啊是否你哦四否极角服务费巨额罚金巍峨附近啊是否你哦四否极角服务费巨额罚金巍峨附近啊是否你哦四否极角服务费巨额罚金巍峨附近</p>\n','tag3','生活随笔',NULL,NULL,'2017-05-15',0,0,'img/book.jpg',5),(163,'姚小城','随笔','<p>哦多数哦女哦平vneropnver<br>啊是否你哦四否极角服务费巨额罚金巍峨附近啊是否你哦四否极角服务费巨额罚金巍峨附近啊是否你哦四否极角服务费巨额罚金巍峨附近啊是否你哦四否极角服务费巨额罚金巍峨附近啊是否你哦四否极角服务费巨额罚金巍峨附近啊是否你哦四否极角服务费巨额罚金巍峨附近啊是否你哦四否极角服务费巨额罚金巍峨附近啊是否你哦四否极角服务费巨额罚金巍峨附近啊是否你哦四否极角服务费巨额罚金巍峨附近</p>\n','tag2','生活随笔',NULL,NULL,'2017-05-15',0,0,'img/book.jpg',5),(164,'冯小婧','随笔','<p>啊是否你哦四否极角服务费巨额罚金巍峨附近啊是否你哦四否极角服务费巨额罚金巍峨附近啊是否你哦四否极角服务费巨额罚金巍峨附近啊是否你哦四否极角服务费巨额罚金巍峨附近啊是否你哦四否极角服务费巨额罚金巍峨附近啊是否你哦四否极角服务费巨额罚金巍峨附近啊是否你哦四否极角服务费巨额罚金巍峨附近啊是否你哦四否极角服务费巨额罚金巍峨附近啊是否你哦四否极角服务费巨额罚金巍峨附近啊是否你哦四否极角服务费巨额罚金巍峨附近啊是否你哦四否极角服务费巨额罚金巍峨附近啊是否你哦四否极角服务费巨额罚金巍峨附近啊是否你哦四否极角服务费巨额罚金巍峨附近啊是否你哦四否极角服务费巨额罚金巍峨附近啊是否你哦四否极角服务费巨额罚金巍峨附近啊是否你哦四否极角服务费巨额罚金巍峨附近v</p>\n','tag','生活随笔',NULL,NULL,'2017-05-15',0,0,'img/book.jpg',5),(165,'姚小城','随笔1','<p>厄尔哦ijeroi啊是否你哦四否极角服务费巨额罚金巍峨附近啊是否你哦四否极角服务费巨额罚金巍峨附近<br>啊是否你哦四否极角服务费巨额罚金巍峨附近啊是否你哦四否极角服务费巨额罚金巍峨附近啊是否你哦四否极角服务费巨额罚金巍峨附近啊是否你哦四否极角服务费巨额罚金巍峨附近啊是否你哦四否极角服务费巨额罚金巍峨附近啊是否你哦四否极角服务费巨额罚金巍峨附近啊是否你哦四否极角服务费巨额罚金巍峨附近</p>\n','tag3','生活随笔',NULL,NULL,'2017-05-15',0,0,'img/book.jpg',5),(166,'姚小城','随笔','<p>哦多数哦女哦平vneropnver<br>啊是否你哦四否极角服务费巨额罚金巍峨附近啊是否你哦四否极角服务费巨额罚金巍峨附近啊是否你哦四否极角服务费巨额罚金巍峨附近啊是否你哦四否极角服务费巨额罚金巍峨附近啊是否你哦四否极角服务费巨额罚金巍峨附近啊是否你哦四否极角服务费巨额罚金巍峨附近啊是否你哦四否极角服务费巨额罚金巍峨附近啊是否你哦四否极角服务费巨额罚金巍峨附近啊是否你哦四否极角服务费巨额罚金巍峨附近</p>\n','tag2','生活随笔',NULL,NULL,'2017-05-15',0,0,'img/book.jpg',5),(167,'冯小婧','随笔','<p>啊是否你哦四否极角服务费巨额罚金巍峨附近啊是否你哦四否极角服务费巨额罚金巍峨附近啊是否你哦四否极角服务费巨额罚金巍峨附近啊是否你哦四否极角服务费巨额罚金巍峨附近啊是否你哦四否极角服务费巨额罚金巍峨附近啊是否你哦四否极角服务费巨额罚金巍峨附近啊是否你哦四否极角服务费巨额罚金巍峨附近啊是否你哦四否极角服务费巨额罚金巍峨附近啊是否你哦四否极角服务费巨额罚金巍峨附近啊是否你哦四否极角服务费巨额罚金巍峨附近啊是否你哦四否极角服务费巨额罚金巍峨附近啊是否你哦四否极角服务费巨额罚金巍峨附近啊是否你哦四否极角服务费巨额罚金巍峨附近啊是否你哦四否极角服务费巨额罚金巍峨附近啊是否你哦四否极角服务费巨额罚金巍峨附近啊是否你哦四否极角服务费巨额罚金巍峨附近v</p>\n','tag','生活随笔',NULL,NULL,'2017-05-15',0,0,'img/book.jpg',5),(168,'姚小城','随笔1','<p>厄尔哦ijeroi啊是否你哦四否极角服务费巨额罚金巍峨附近啊是否你哦四否极角服务费巨额罚金巍峨附近<br>啊是否你哦四否极角服务费巨额罚金巍峨附近啊是否你哦四否极角服务费巨额罚金巍峨附近啊是否你哦四否极角服务费巨额罚金巍峨附近啊是否你哦四否极角服务费巨额罚金巍峨附近啊是否你哦四否极角服务费巨额罚金巍峨附近啊是否你哦四否极角服务费巨额罚金巍峨附近啊是否你哦四否极角服务费巨额罚金巍峨附近</p>\n','tag3','生活随笔',NULL,NULL,'2017-05-15',12,0,'img/book.jpg',9),(169,'姚小城','随笔','<p>哦多数哦女哦平vneropnver<br>啊是否你哦四否极角服务费巨额罚金巍峨附近啊是否你哦四否极角服务费巨额罚金巍峨附近啊是否你哦四否极角服务费巨额罚金巍峨附近啊是否你哦四否极角服务费巨额罚金巍峨附近啊是否你哦四否极角服务费巨额罚金巍峨附近啊是否你哦四否极角服务费巨额罚金巍峨附近啊是否你哦四否极角服务费巨额罚金巍峨附近啊是否你哦四否极角服务费巨额罚金巍峨附近啊是否你哦四否极角服务费巨额罚金巍峨附近</p>\n','tag2','生活随笔',NULL,NULL,'2017-05-15',0,0,'img/book.jpg',5),(170,'冯小婧','随笔','<p>啊是否你哦四否极角服务费巨额罚金巍峨附近啊是否你哦四否极角服务费巨额罚金巍峨附近啊是否你哦四否极角服务费巨额罚金巍峨附近啊是否你哦四否极角服务费巨额罚金巍峨附近啊是否你哦四否极角服务费巨额罚金巍峨附近啊是否你哦四否极角服务费巨额罚金巍峨附近啊是否你哦四否极角服务费巨额罚金巍峨附近啊是否你哦四否极角服务费巨额罚金巍峨附近啊是否你哦四否极角服务费巨额罚金巍峨附近啊是否你哦四否极角服务费巨额罚金巍峨附近啊是否你哦四否极角服务费巨额罚金巍峨附近啊是否你哦四否极角服务费巨额罚金巍峨附近啊是否你哦四否极角服务费巨额罚金巍峨附近啊是否你哦四否极角服务费巨额罚金巍峨附近啊是否你哦四否极角服务费巨额罚金巍峨附近啊是否你哦四否极角服务费巨额罚金巍峨附近v</p>\n','tag','生活随笔',NULL,NULL,'2017-05-15',0,0,'img/book.jpg',5),(171,'姚小城','随笔1','<p>厄尔哦ijeroi啊是否你哦四否极角服务费巨额罚金巍峨附近啊是否你哦四否极角服务费巨额罚金巍峨附近<br>啊是否你哦四否极角服务费巨额罚金巍峨附近啊是否你哦四否极角服务费巨额罚金巍峨附近啊是否你哦四否极角服务费巨额罚金巍峨附近啊是否你哦四否极角服务费巨额罚金巍峨附近啊是否你哦四否极角服务费巨额罚金巍峨附近啊是否你哦四否极角服务费巨额罚金巍峨附近啊是否你哦四否极角服务费巨额罚金巍峨附近</p>\n','tag3','生活随笔',NULL,NULL,'2017-05-15',0,0,'img/book.jpg',5),(172,'姚小城','随笔','<p>哦多数哦女哦平vneropnver<br>啊是否你哦四否极角服务费巨额罚金巍峨附近啊是否你哦四否极角服务费巨额罚金巍峨附近啊是否你哦四否极角服务费巨额罚金巍峨附近啊是否你哦四否极角服务费巨额罚金巍峨附近啊是否你哦四否极角服务费巨额罚金巍峨附近啊是否你哦四否极角服务费巨额罚金巍峨附近啊是否你哦四否极角服务费巨额罚金巍峨附近啊是否你哦四否极角服务费巨额罚金巍峨附近啊是否你哦四否极角服务费巨额罚金巍峨附近</p>\n','tag2','生活随笔',NULL,NULL,'2017-05-15',0,0,'img/book.jpg',5),(173,'冯小婧','随笔','<p>啊是否你哦四否极角服务费巨额罚金巍峨附近啊是否你哦四否极角服务费巨额罚金巍峨附近啊是否你哦四否极角服务费巨额罚金巍峨附近啊是否你哦四否极角服务费巨额罚金巍峨附近啊是否你哦四否极角服务费巨额罚金巍峨附近啊是否你哦四否极角服务费巨额罚金巍峨附近啊是否你哦四否极角服务费巨额罚金巍峨附近啊是否你哦四否极角服务费巨额罚金巍峨附近啊是否你哦四否极角服务费巨额罚金巍峨附近啊是否你哦四否极角服务费巨额罚金巍峨附近啊是否你哦四否极角服务费巨额罚金巍峨附近啊是否你哦四否极角服务费巨额罚金巍峨附近啊是否你哦四否极角服务费巨额罚金巍峨附近啊是否你哦四否极角服务费巨额罚金巍峨附近啊是否你哦四否极角服务费巨额罚金巍峨附近啊是否你哦四否极角服务费巨额罚金巍峨附近v</p>\n','tag','生活随笔',NULL,NULL,'2017-05-15',0,0,'img/book.jpg',5),(174,'姚小城','随笔1','<p>厄尔哦ijeroi啊是否你哦四否极角服务费巨额罚金巍峨附近啊是否你哦四否极角服务费巨额罚金巍峨附近<br>啊是否你哦四否极角服务费巨额罚金巍峨附近啊是否你哦四否极角服务费巨额罚金巍峨附近啊是否你哦四否极角服务费巨额罚金巍峨附近啊是否你哦四否极角服务费巨额罚金巍峨附近啊是否你哦四否极角服务费巨额罚金巍峨附近啊是否你哦四否极角服务费巨额罚金巍峨附近啊是否你哦四否极角服务费巨额罚金巍峨附近</p>\n','tag3','生活随笔',NULL,NULL,'2017-05-15',0,0,'img/book.jpg',5),(175,'姚小城','随笔','<p>哦多数哦女哦平vneropnver<br>啊是否你哦四否极角服务费巨额罚金巍峨附近啊是否你哦四否极角服务费巨额罚金巍峨附近啊是否你哦四否极角服务费巨额罚金巍峨附近啊是否你哦四否极角服务费巨额罚金巍峨附近啊是否你哦四否极角服务费巨额罚金巍峨附近啊是否你哦四否极角服务费巨额罚金巍峨附近啊是否你哦四否极角服务费巨额罚金巍峨附近啊是否你哦四否极角服务费巨额罚金巍峨附近啊是否你哦四否极角服务费巨额罚金巍峨附近</p>\n','tag2','生活随笔',NULL,NULL,'2017-05-15',0,0,'img/book.jpg',5),(176,'冯小婧','随笔','<p>啊是否你哦四否极角服务费巨额罚金巍峨附近啊是否你哦四否极角服务费巨额罚金巍峨附近啊是否你哦四否极角服务费巨额罚金巍峨附近啊是否你哦四否极角服务费巨额罚金巍峨附近啊是否你哦四否极角服务费巨额罚金巍峨附近啊是否你哦四否极角服务费巨额罚金巍峨附近啊是否你哦四否极角服务费巨额罚金巍峨附近啊是否你哦四否极角服务费巨额罚金巍峨附近啊是否你哦四否极角服务费巨额罚金巍峨附近啊是否你哦四否极角服务费巨额罚金巍峨附近啊是否你哦四否极角服务费巨额罚金巍峨附近啊是否你哦四否极角服务费巨额罚金巍峨附近啊是否你哦四否极角服务费巨额罚金巍峨附近啊是否你哦四否极角服务费巨额罚金巍峨附近啊是否你哦四否极角服务费巨额罚金巍峨附近啊是否你哦四否极角服务费巨额罚金巍峨附近v</p>\n','tag','生活随笔',NULL,NULL,'2017-05-15',0,0,'img/book.jpg',5),(177,'姚小城','随笔1','<p>厄尔哦ijeroi啊是否你哦四否极角服务费巨额罚金巍峨附近啊是否你哦四否极角服务费巨额罚金巍峨附近<br>啊是否你哦四否极角服务费巨额罚金巍峨附近啊是否你哦四否极角服务费巨额罚金巍峨附近啊是否你哦四否极角服务费巨额罚金巍峨附近啊是否你哦四否极角服务费巨额罚金巍峨附近啊是否你哦四否极角服务费巨额罚金巍峨附近啊是否你哦四否极角服务费巨额罚金巍峨附近啊是否你哦四否极角服务费巨额罚金巍峨附近</p>\n','tag3','生活随笔',NULL,NULL,'2017-05-15',0,0,'img/book.jpg',5),(178,'姚小城','随笔','<p>哦多数哦女哦平vneropnver<br>啊是否你哦四否极角服务费巨额罚金巍峨附近啊是否你哦四否极角服务费巨额罚金巍峨附近啊是否你哦四否极角服务费巨额罚金巍峨附近啊是否你哦四否极角服务费巨额罚金巍峨附近啊是否你哦四否极角服务费巨额罚金巍峨附近啊是否你哦四否极角服务费巨额罚金巍峨附近啊是否你哦四否极角服务费巨额罚金巍峨附近啊是否你哦四否极角服务费巨额罚金巍峨附近啊是否你哦四否极角服务费巨额罚金巍峨附近</p>\n','tag2','生活随笔',NULL,NULL,'2017-05-15',0,0,'img/book.jpg',5),(179,'冯小婧','随笔','<p>啊是否你哦四否极角服务费巨额罚金巍峨附近啊是否你哦四否极角服务费巨额罚金巍峨附近啊是否你哦四否极角服务费巨额罚金巍峨附近啊是否你哦四否极角服务费巨额罚金巍峨附近啊是否你哦四否极角服务费巨额罚金巍峨附近啊是否你哦四否极角服务费巨额罚金巍峨附近啊是否你哦四否极角服务费巨额罚金巍峨附近啊是否你哦四否极角服务费巨额罚金巍峨附近啊是否你哦四否极角服务费巨额罚金巍峨附近啊是否你哦四否极角服务费巨额罚金巍峨附近啊是否你哦四否极角服务费巨额罚金巍峨附近啊是否你哦四否极角服务费巨额罚金巍峨附近啊是否你哦四否极角服务费巨额罚金巍峨附近啊是否你哦四否极角服务费巨额罚金巍峨附近啊是否你哦四否极角服务费巨额罚金巍峨附近啊是否你哦四否极角服务费巨额罚金巍峨附近v</p>\n','tag','生活随笔',NULL,NULL,'2017-05-15',0,0,'img/book.jpg',5),(180,'姚小城','随笔1','<p>厄尔哦ijeroi啊是否你哦四否极角服务费巨额罚金巍峨附近啊是否你哦四否极角服务费巨额罚金巍峨附近<br>啊是否你哦四否极角服务费巨额罚金巍峨附近啊是否你哦四否极角服务费巨额罚金巍峨附近啊是否你哦四否极角服务费巨额罚金巍峨附近啊是否你哦四否极角服务费巨额罚金巍峨附近啊是否你哦四否极角服务费巨额罚金巍峨附近啊是否你哦四否极角服务费巨额罚金巍峨附近啊是否你哦四否极角服务费巨额罚金巍峨附近</p>\n','tag3','生活随笔',NULL,NULL,'2017-05-15',0,0,'img/book.jpg',5),(181,'姚小城','随笔','<p>哦多数哦女哦平vneropnver<br>啊是否你哦四否极角服务费巨额罚金巍峨附近啊是否你哦四否极角服务费巨额罚金巍峨附近啊是否你哦四否极角服务费巨额罚金巍峨附近啊是否你哦四否极角服务费巨额罚金巍峨附近啊是否你哦四否极角服务费巨额罚金巍峨附近啊是否你哦四否极角服务费巨额罚金巍峨附近啊是否你哦四否极角服务费巨额罚金巍峨附近啊是否你哦四否极角服务费巨额罚金巍峨附近啊是否你哦四否极角服务费巨额罚金巍峨附近</p>\n','tag2','生活随笔',NULL,NULL,'2017-05-15',9,0,'img/book.jpg',7),(182,'冯小婧','随笔','<p>啊是否你哦四否极角服务费巨额罚金巍峨附近啊是否你哦四否极角服务费巨额罚金巍峨附近啊是否你哦四否极角服务费巨额罚金巍峨附近啊是否你哦四否极角服务费巨额罚金巍峨附近啊是否你哦四否极角服务费巨额罚金巍峨附近啊是否你哦四否极角服务费巨额罚金巍峨附近啊是否你哦四否极角服务费巨额罚金巍峨附近啊是否你哦四否极角服务费巨额罚金巍峨附近啊是否你哦四否极角服务费巨额罚金巍峨附近啊是否你哦四否极角服务费巨额罚金巍峨附近啊是否你哦四否极角服务费巨额罚金巍峨附近啊是否你哦四否极角服务费巨额罚金巍峨附近啊是否你哦四否极角服务费巨额罚金巍峨附近啊是否你哦四否极角服务费巨额罚金巍峨附近啊是否你哦四否极角服务费巨额罚金巍峨附近啊是否你哦四否极角服务费巨额罚金巍峨附近v</p>\n','tag','生活随笔',NULL,NULL,'2017-05-15',0,0,'img/book.jpg',25),(190,'姚小城','左边1','<p>啊是否你哦四否极角服务费巨额罚金巍峨附近<br>啊是否你哦四否极角服务费巨额罚金巍峨附近<br>啊是否你哦四否极角服务费巨额罚金巍峨附近啊是否你哦四否极角服务费巨额罚金巍峨附近<br>啊是否你哦四否极角服务费巨额罚金巍峨附近<br>啊是否你哦四否极角服务费巨额罚金巍峨附近啊是否你哦四否极角服务费巨额罚金巍峨附近</p>\n','tag1','学习笔记',NULL,NULL,'2017-05-15',0,0,'img/book.jpg',5),(191,'姚小城','左边2','<p>啊是否你哦四否极角服务费巨额罚金巍峨附近啊是否你哦四否极角服务费巨额罚金巍峨附近<br>啊是否你哦四否极角服务费巨额罚金巍峨附近啊是否你哦四否极角服务费巨额罚金巍峨附近啊是否你哦四否极角服务费巨额罚金巍峨附近啊是否你哦四否极角服务费巨额罚金巍峨附近啊是否你哦四否极角服务费巨额罚金巍峨附近啊是否你哦四否极角服务费巨额罚金巍峨附近啊是否你哦四否极角服务费巨额罚金巍峨附近啊是否你哦四否极角服务费巨额罚金巍峨附近啊是否你哦四否极角服务费巨额罚金巍峨附近啊是否你哦四否极角服务费巨额罚金巍峨附近啊是否你哦四否极角服务费巨额罚金巍峨附近啊是否你哦四否极角服务费巨额罚金巍峨附近</p>\n','tag1','学习笔记',NULL,NULL,'2017-05-15',0,0,'img/book.jpg',5),(192,'冯小婧','右边1','<p>丹佛；iwo[nr[ernner[ 啊是否你哦四否极角服务费巨额罚金巍峨附近<br>啊是否你哦四否极角服务费巨额罚金巍峨附近啊是否你哦四否极角服务费巨额罚金巍峨附近啊是否你哦四否极角服务费巨额罚金巍峨附近<br>啊是否你哦四否极角服务费巨额罚金巍峨附近啊是否你哦四否极角服务费巨额罚金巍峨附近<br>啊是否你哦四否极角服务费巨额罚金巍峨附近啊是否你哦四否极角服务费巨额罚金巍峨附近<br>啊是否你哦四否极角服务费巨额罚金巍峨附近啊是否你哦四否极角服务费巨额罚金巍峨附近</p>\n','tag2','学习笔记',NULL,NULL,'2017-05-15',0,0,'img/book.jpg',5),(193,'冯小婧','右边2','<p>哦放屁呢喷人品vunerp<br>啊是否你哦四否极角服务费巨额罚金巍峨附近啊是否你哦四否极角服务费巨额罚金巍峨附近啊是否你哦四否极角服务费巨额罚金巍峨附近啊是否你哦四否极角服务费巨额罚金巍峨附近啊是否你哦四否极角服务费巨额罚金巍峨附近啊是否你哦四否极角服务费巨额罚金巍峨附近啊是否你哦四否极角服务费巨额罚金巍峨附近</p>\n','tag2','学习笔记',NULL,NULL,'2017-05-15',0,0,'img/book.jpg',5),(194,'姚小城','左边1','<p>啊是否你哦四否极角服务费巨额罚金巍峨附近<br>啊是否你哦四否极角服务费巨额罚金巍峨附近<br>啊是否你哦四否极角服务费巨额罚金巍峨附近啊是否你哦四否极角服务费巨额罚金巍峨附近<br>啊是否你哦四否极角服务费巨额罚金巍峨附近<br>啊是否你哦四否极角服务费巨额罚金巍峨附近啊是否你哦四否极角服务费巨额罚金巍峨附近</p>\n','tag1','学习笔记',NULL,NULL,'2017-05-15',0,0,'img/book.jpg',5),(195,'姚小城','左边2','<p>啊是否你哦四否极角服务费巨额罚金巍峨附近啊是否你哦四否极角服务费巨额罚金巍峨附近<br>啊是否你哦四否极角服务费巨额罚金巍峨附近啊是否你哦四否极角服务费巨额罚金巍峨附近啊是否你哦四否极角服务费巨额罚金巍峨附近啊是否你哦四否极角服务费巨额罚金巍峨附近啊是否你哦四否极角服务费巨额罚金巍峨附近啊是否你哦四否极角服务费巨额罚金巍峨附近啊是否你哦四否极角服务费巨额罚金巍峨附近啊是否你哦四否极角服务费巨额罚金巍峨附近啊是否你哦四否极角服务费巨额罚金巍峨附近啊是否你哦四否极角服务费巨额罚金巍峨附近啊是否你哦四否极角服务费巨额罚金巍峨附近啊是否你哦四否极角服务费巨额罚金巍峨附近</p>\n','tag1','学习笔记',NULL,NULL,'2017-05-15',0,0,'img/book.jpg',5),(196,'冯小婧','右边1','<p>丹佛；iwo[nr[ernner[ 啊是否你哦四否极角服务费巨额罚金巍峨附近<br>啊是否你哦四否极角服务费巨额罚金巍峨附近啊是否你哦四否极角服务费巨额罚金巍峨附近啊是否你哦四否极角服务费巨额罚金巍峨附近<br>啊是否你哦四否极角服务费巨额罚金巍峨附近啊是否你哦四否极角服务费巨额罚金巍峨附近<br>啊是否你哦四否极角服务费巨额罚金巍峨附近啊是否你哦四否极角服务费巨额罚金巍峨附近<br>啊是否你哦四否极角服务费巨额罚金巍峨附近啊是否你哦四否极角服务费巨额罚金巍峨附近</p>\n','tag2','学习笔记',NULL,NULL,'2017-05-15',0,0,'img/book.jpg',5),(197,'冯小婧','右边2','<p>哦放屁呢喷人品vunerp<br>啊是否你哦四否极角服务费巨额罚金巍峨附近啊是否你哦四否极角服务费巨额罚金巍峨附近啊是否你哦四否极角服务费巨额罚金巍峨附近啊是否你哦四否极角服务费巨额罚金巍峨附近啊是否你哦四否极角服务费巨额罚金巍峨附近啊是否你哦四否极角服务费巨额罚金巍峨附近啊是否你哦四否极角服务费巨额罚金巍峨附近</p>\n','tag2','学习笔记',NULL,NULL,'2017-05-15',0,0,'img/book.jpg',5),(198,'姚小城','左边1','<p>啊是否你哦四否极角服务费巨额罚金巍峨附近<br>啊是否你哦四否极角服务费巨额罚金巍峨附近<br>啊是否你哦四否极角服务费巨额罚金巍峨附近啊是否你哦四否极角服务费巨额罚金巍峨附近<br>啊是否你哦四否极角服务费巨额罚金巍峨附近<br>啊是否你哦四否极角服务费巨额罚金巍峨附近啊是否你哦四否极角服务费巨额罚金巍峨附近</p>\n','tag1','学习笔记',NULL,NULL,'2017-05-15',0,0,'img/book.jpg',5),(199,'姚小城','左边2','<p>啊是否你哦四否极角服务费巨额罚金巍峨附近啊是否你哦四否极角服务费巨额罚金巍峨附近<br>啊是否你哦四否极角服务费巨额罚金巍峨附近啊是否你哦四否极角服务费巨额罚金巍峨附近啊是否你哦四否极角服务费巨额罚金巍峨附近啊是否你哦四否极角服务费巨额罚金巍峨附近啊是否你哦四否极角服务费巨额罚金巍峨附近啊是否你哦四否极角服务费巨额罚金巍峨附近啊是否你哦四否极角服务费巨额罚金巍峨附近啊是否你哦四否极角服务费巨额罚金巍峨附近啊是否你哦四否极角服务费巨额罚金巍峨附近啊是否你哦四否极角服务费巨额罚金巍峨附近啊是否你哦四否极角服务费巨额罚金巍峨附近啊是否你哦四否极角服务费巨额罚金巍峨附近</p>\n','tag1','学习笔记',NULL,NULL,'2017-05-15',0,0,'img/book.jpg',5),(200,'冯小婧','右边1','<p>丹佛；iwo[nr[ernner[ 啊是否你哦四否极角服务费巨额罚金巍峨附近<br>啊是否你哦四否极角服务费巨额罚金巍峨附近啊是否你哦四否极角服务费巨额罚金巍峨附近啊是否你哦四否极角服务费巨额罚金巍峨附近<br>啊是否你哦四否极角服务费巨额罚金巍峨附近啊是否你哦四否极角服务费巨额罚金巍峨附近<br>啊是否你哦四否极角服务费巨额罚金巍峨附近啊是否你哦四否极角服务费巨额罚金巍峨附近<br>啊是否你哦四否极角服务费巨额罚金巍峨附近啊是否你哦四否极角服务费巨额罚金巍峨附近</p>\n','tag2','学习笔记',NULL,NULL,'2017-05-15',0,0,'img/book.jpg',5),(201,'冯小婧','右边2','<p>哦放屁呢喷人品vunerp<br>啊是否你哦四否极角服务费巨额罚金巍峨附近啊是否你哦四否极角服务费巨额罚金巍峨附近啊是否你哦四否极角服务费巨额罚金巍峨附近啊是否你哦四否极角服务费巨额罚金巍峨附近啊是否你哦四否极角服务费巨额罚金巍峨附近啊是否你哦四否极角服务费巨额罚金巍峨附近啊是否你哦四否极角服务费巨额罚金巍峨附近</p>\n','tag2','学习笔记',NULL,NULL,'2017-05-15',0,0,'img/book.jpg',5),(202,'姚小城','左边1','<p>啊是否你哦四否极角服务费巨额罚金巍峨附近<br>啊是否你哦四否极角服务费巨额罚金巍峨附近<br>啊是否你哦四否极角服务费巨额罚金巍峨附近啊是否你哦四否极角服务费巨额罚金巍峨附近<br>啊是否你哦四否极角服务费巨额罚金巍峨附近<br>啊是否你哦四否极角服务费巨额罚金巍峨附近啊是否你哦四否极角服务费巨额罚金巍峨附近</p>\n','tag1','学习笔记',NULL,NULL,'2017-05-15',0,0,'img/book.jpg',5),(203,'姚小城','左边2','<p>啊是否你哦四否极角服务费巨额罚金巍峨附近啊是否你哦四否极角服务费巨额罚金巍峨附近<br>啊是否你哦四否极角服务费巨额罚金巍峨附近啊是否你哦四否极角服务费巨额罚金巍峨附近啊是否你哦四否极角服务费巨额罚金巍峨附近啊是否你哦四否极角服务费巨额罚金巍峨附近啊是否你哦四否极角服务费巨额罚金巍峨附近啊是否你哦四否极角服务费巨额罚金巍峨附近啊是否你哦四否极角服务费巨额罚金巍峨附近啊是否你哦四否极角服务费巨额罚金巍峨附近啊是否你哦四否极角服务费巨额罚金巍峨附近啊是否你哦四否极角服务费巨额罚金巍峨附近啊是否你哦四否极角服务费巨额罚金巍峨附近啊是否你哦四否极角服务费巨额罚金巍峨附近</p>\n','tag1','学习笔记',NULL,NULL,'2017-05-15',0,0,'img/book.jpg',5),(204,'冯小婧','右边1','<p>丹佛；iwo[nr[ernner[ 啊是否你哦四否极角服务费巨额罚金巍峨附近<br>啊是否你哦四否极角服务费巨额罚金巍峨附近啊是否你哦四否极角服务费巨额罚金巍峨附近啊是否你哦四否极角服务费巨额罚金巍峨附近<br>啊是否你哦四否极角服务费巨额罚金巍峨附近啊是否你哦四否极角服务费巨额罚金巍峨附近<br>啊是否你哦四否极角服务费巨额罚金巍峨附近啊是否你哦四否极角服务费巨额罚金巍峨附近<br>啊是否你哦四否极角服务费巨额罚金巍峨附近啊是否你哦四否极角服务费巨额罚金巍峨附近</p>\n','tag2','学习笔记',NULL,NULL,'2017-05-15',0,0,'img/book.jpg',5),(205,'冯小婧','右边2','<p>哦放屁呢喷人品vunerp<br>啊是否你哦四否极角服务费巨额罚金巍峨附近啊是否你哦四否极角服务费巨额罚金巍峨附近啊是否你哦四否极角服务费巨额罚金巍峨附近啊是否你哦四否极角服务费巨额罚金巍峨附近啊是否你哦四否极角服务费巨额罚金巍峨附近啊是否你哦四否极角服务费巨额罚金巍峨附近啊是否你哦四否极角服务费巨额罚金巍峨附近</p>\n','tag2','学习笔记',NULL,NULL,'2017-05-15',0,0,'img/book.jpg',7),(206,'姚小城','左边1','<p>啊是否你哦四否极角服务费巨额罚金巍峨附近<br>啊是否你哦四否极角服务费巨额罚金巍峨附近<br>啊是否你哦四否极角服务费巨额罚金巍峨附近啊是否你哦四否极角服务费巨额罚金巍峨附近<br>啊是否你哦四否极角服务费巨额罚金巍峨附近<br>啊是否你哦四否极角服务费巨额罚金巍峨附近啊是否你哦四否极角服务费巨额罚金巍峨附近</p>\n','tag1','学习笔记',NULL,NULL,'2017-05-15',0,0,'img/book.jpg',5),(207,'姚小城','左边2','<p>啊是否你哦四否极角服务费巨额罚金巍峨附近啊是否你哦四否极角服务费巨额罚金巍峨附近<br>啊是否你哦四否极角服务费巨额罚金巍峨附近啊是否你哦四否极角服务费巨额罚金巍峨附近啊是否你哦四否极角服务费巨额罚金巍峨附近啊是否你哦四否极角服务费巨额罚金巍峨附近啊是否你哦四否极角服务费巨额罚金巍峨附近啊是否你哦四否极角服务费巨额罚金巍峨附近啊是否你哦四否极角服务费巨额罚金巍峨附近啊是否你哦四否极角服务费巨额罚金巍峨附近啊是否你哦四否极角服务费巨额罚金巍峨附近啊是否你哦四否极角服务费巨额罚金巍峨附近啊是否你哦四否极角服务费巨额罚金巍峨附近啊是否你哦四否极角服务费巨额罚金巍峨附近</p>\n','tag1','学习笔记',NULL,NULL,'2017-05-15',0,0,'img/book.jpg',5),(208,'冯小婧','右边1','<p>丹佛；iwo[nr[ernner[ 啊是否你哦四否极角服务费巨额罚金巍峨附近<br>啊是否你哦四否极角服务费巨额罚金巍峨附近啊是否你哦四否极角服务费巨额罚金巍峨附近啊是否你哦四否极角服务费巨额罚金巍峨附近<br>啊是否你哦四否极角服务费巨额罚金巍峨附近啊是否你哦四否极角服务费巨额罚金巍峨附近<br>啊是否你哦四否极角服务费巨额罚金巍峨附近啊是否你哦四否极角服务费巨额罚金巍峨附近<br>啊是否你哦四否极角服务费巨额罚金巍峨附近啊是否你哦四否极角服务费巨额罚金巍峨附近</p>\n','tag2','学习笔记',NULL,NULL,'2017-05-15',0,0,'img/book.jpg',5),(209,'冯小婧','右边2','<p>哦放屁呢喷人品vunerp<br>啊是否你哦四否极角服务费巨额罚金巍峨附近啊是否你哦四否极角服务费巨额罚金巍峨附近啊是否你哦四否极角服务费巨额罚金巍峨附近啊是否你哦四否极角服务费巨额罚金巍峨附近啊是否你哦四否极角服务费巨额罚金巍峨附近啊是否你哦四否极角服务费巨额罚金巍峨附近啊是否你哦四否极角服务费巨额罚金巍峨附近</p>\n','tag2','学习笔记',NULL,NULL,'2017-05-15',0,0,'img/book.jpg',6),(210,'姚小城','左边1','<p>啊是否你哦四否极角服务费巨额罚金巍峨附近<br>啊是否你哦四否极角服务费巨额罚金巍峨附近<br>啊是否你哦四否极角服务费巨额罚金巍峨附近啊是否你哦四否极角服务费巨额罚金巍峨附近<br>啊是否你哦四否极角服务费巨额罚金巍峨附近<br>啊是否你哦四否极角服务费巨额罚金巍峨附近啊是否你哦四否极角服务费巨额罚金巍峨附近</p>\n','tag1','学习笔记',NULL,NULL,'2017-05-15',0,0,'img/book.jpg',5),(211,'姚小城','左边2','<p>啊是否你哦四否极角服务费巨额罚金巍峨附近啊是否你哦四否极角服务费巨额罚金巍峨附近<br>啊是否你哦四否极角服务费巨额罚金巍峨附近啊是否你哦四否极角服务费巨额罚金巍峨附近啊是否你哦四否极角服务费巨额罚金巍峨附近啊是否你哦四否极角服务费巨额罚金巍峨附近啊是否你哦四否极角服务费巨额罚金巍峨附近啊是否你哦四否极角服务费巨额罚金巍峨附近啊是否你哦四否极角服务费巨额罚金巍峨附近啊是否你哦四否极角服务费巨额罚金巍峨附近啊是否你哦四否极角服务费巨额罚金巍峨附近啊是否你哦四否极角服务费巨额罚金巍峨附近啊是否你哦四否极角服务费巨额罚金巍峨附近啊是否你哦四否极角服务费巨额罚金巍峨附近</p>\n','tag1','学习笔记',NULL,NULL,'2017-05-15',0,0,'img/book.jpg',5),(212,'冯小婧','右边1','<p>丹佛；iwo[nr[ernner[ 啊是否你哦四否极角服务费巨额罚金巍峨附近<br>啊是否你哦四否极角服务费巨额罚金巍峨附近啊是否你哦四否极角服务费巨额罚金巍峨附近啊是否你哦四否极角服务费巨额罚金巍峨附近<br>啊是否你哦四否极角服务费巨额罚金巍峨附近啊是否你哦四否极角服务费巨额罚金巍峨附近<br>啊是否你哦四否极角服务费巨额罚金巍峨附近啊是否你哦四否极角服务费巨额罚金巍峨附近<br>啊是否你哦四否极角服务费巨额罚金巍峨附近啊是否你哦四否极角服务费巨额罚金巍峨附近</p>\n','tag2','学习笔记',NULL,NULL,'2017-05-15',0,0,'img/book.jpg',5),(213,'冯小婧','右边2','<p>哦放屁呢喷人品vunerp<br>啊是否你哦四否极角服务费巨额罚金巍峨附近啊是否你哦四否极角服务费巨额罚金巍峨附近啊是否你哦四否极角服务费巨额罚金巍峨附近啊是否你哦四否极角服务费巨额罚金巍峨附近啊是否你哦四否极角服务费巨额罚金巍峨附近啊是否你哦四否极角服务费巨额罚金巍峨附近啊是否你哦四否极角服务费巨额罚金巍峨附近</p>\n','tag2','学习笔记',NULL,NULL,'2017-05-15',0,0,'img/book.jpg',5),(214,'姚小城','左边1','<p>啊是否你哦四否极角服务费巨额罚金巍峨附近<br>啊是否你哦四否极角服务费巨额罚金巍峨附近<br>啊是否你哦四否极角服务费巨额罚金巍峨附近啊是否你哦四否极角服务费巨额罚金巍峨附近<br>啊是否你哦四否极角服务费巨额罚金巍峨附近<br>啊是否你哦四否极角服务费巨额罚金巍峨附近啊是否你哦四否极角服务费巨额罚金巍峨附近</p>\n','tag1','学习笔记',NULL,NULL,'2017-05-15',0,0,'img/book.jpg',6),(215,'姚小城','左边2','<p>啊是否你哦四否极角服务费巨额罚金巍峨附近啊是否你哦四否极角服务费巨额罚金巍峨附近<br>啊是否你哦四否极角服务费巨额罚金巍峨附近啊是否你哦四否极角服务费巨额罚金巍峨附近啊是否你哦四否极角服务费巨额罚金巍峨附近啊是否你哦四否极角服务费巨额罚金巍峨附近啊是否你哦四否极角服务费巨额罚金巍峨附近啊是否你哦四否极角服务费巨额罚金巍峨附近啊是否你哦四否极角服务费巨额罚金巍峨附近啊是否你哦四否极角服务费巨额罚金巍峨附近啊是否你哦四否极角服务费巨额罚金巍峨附近啊是否你哦四否极角服务费巨额罚金巍峨附近啊是否你哦四否极角服务费巨额罚金巍峨附近啊是否你哦四否极角服务费巨额罚金巍峨附近</p>\n','tag1','学习笔记',NULL,NULL,'2017-05-15',0,0,'img/book.jpg',5),(216,'冯小婧','右边1','<p>丹佛；iwo[nr[ernner[ 啊是否你哦四否极角服务费巨额罚金巍峨附近<br>啊是否你哦四否极角服务费巨额罚金巍峨附近啊是否你哦四否极角服务费巨额罚金巍峨附近啊是否你哦四否极角服务费巨额罚金巍峨附近<br>啊是否你哦四否极角服务费巨额罚金巍峨附近啊是否你哦四否极角服务费巨额罚金巍峨附近<br>啊是否你哦四否极角服务费巨额罚金巍峨附近啊是否你哦四否极角服务费巨额罚金巍峨附近<br>啊是否你哦四否极角服务费巨额罚金巍峨附近啊是否你哦四否极角服务费巨额罚金巍峨附近</p>\n','tag2','学习笔记',NULL,NULL,'2017-05-15',0,0,'img/book.jpg',6),(217,'冯小婧','右边2','<p>哦放屁呢喷人品vunerp<br>啊是否你哦四否极角服务费巨额罚金巍峨附近啊是否你哦四否极角服务费巨额罚金巍峨附近啊是否你哦四否极角服务费巨额罚金巍峨附近啊是否你哦四否极角服务费巨额罚金巍峨附近啊是否你哦四否极角服务费巨额罚金巍峨附近啊是否你哦四否极角服务费巨额罚金巍峨附近啊是否你哦四否极角服务费巨额罚金巍峨附近</p>\n','tag2','学习笔记',NULL,NULL,'2017-05-15',0,0,'img/book.jpg',5),(218,'姚小城','左边1','<p>啊是否你哦四否极角服务费巨额罚金巍峨附近<br>啊是否你哦四否极角服务费巨额罚金巍峨附近<br>啊是否你哦四否极角服务费巨额罚金巍峨附近啊是否你哦四否极角服务费巨额罚金巍峨附近<br>啊是否你哦四否极角服务费巨额罚金巍峨附近<br>啊是否你哦四否极角服务费巨额罚金巍峨附近啊是否你哦四否极角服务费巨额罚金巍峨附近</p>\n','tag1','学习笔记',NULL,NULL,'2017-05-15',22,0,'img/book.jpg',15),(219,'姚小城','左边2','<p>啊是否你哦四否极角服务费巨额罚金巍峨附近啊是否你哦四否极角服务费巨额罚金巍峨附近<br>啊是否你哦四否极角服务费巨额罚金巍峨附近啊是否你哦四否极角服务费巨额罚金巍峨附近啊是否你哦四否极角服务费巨额罚金巍峨附近啊是否你哦四否极角服务费巨额罚金巍峨附近啊是否你哦四否极角服务费巨额罚金巍峨附近啊是否你哦四否极角服务费巨额罚金巍峨附近啊是否你哦四否极角服务费巨额罚金巍峨附近啊是否你哦四否极角服务费巨额罚金巍峨附近啊是否你哦四否极角服务费巨额罚金巍峨附近啊是否你哦四否极角服务费巨额罚金巍峨附近啊是否你哦四否极角服务费巨额罚金巍峨附近啊是否你哦四否极角服务费巨额罚金巍峨附近</p>\n','tag1','学习笔记',NULL,NULL,'2017-05-15',0,0,'img/book.jpg',9),(220,'冯小婧','右边1','<p>丹佛；iwo[nr[ernner[ 啊是否你哦四否极角服务费巨额罚金巍峨附近<br>啊是否你哦四否极角服务费巨额罚金巍峨附近啊是否你哦四否极角服务费巨额罚金巍峨附近啊是否你哦四否极角服务费巨额罚金巍峨附近<br>啊是否你哦四否极角服务费巨额罚金巍峨附近啊是否你哦四否极角服务费巨额罚金巍峨附近<br>啊是否你哦四否极角服务费巨额罚金巍峨附近啊是否你哦四否极角服务费巨额罚金巍峨附近<br>啊是否你哦四否极角服务费巨额罚金巍峨附近啊是否你哦四否极角服务费巨额罚金巍峨附近</p>\n','tag2','学习笔记',NULL,NULL,'2017-05-15',0,0,'img/book.jpg',12),(221,'冯小婧','右边2','<p>哦放屁呢喷人品vunerp<br>啊是否你哦四否极角服务费巨额罚金巍峨附近啊是否你哦四否极角服务费巨额罚金巍峨附近啊是否你哦四否极角服务费巨额罚金巍峨附近啊是否你哦四否极角服务费巨额罚金巍峨附近啊是否你哦四否极角服务费巨额罚金巍峨附近啊是否你哦四否极角服务费巨额罚金巍峨附近啊是否你哦四否极角服务费巨额罚金巍峨附近</p>\n','tag2','学习笔记',NULL,NULL,'2017-05-15',0,0,'img/book.jpg',6),(253,'冯小婧','有','<p>有music<br>有video</p>\n','multi','生活随笔','upload/8/2/6b8e17d8-0f71-4b39-b796-1a0d473a3b46_Rihanna - Rude Boy.mp3','upload/6/4/7870bdb2-277f-4dcc-b86d-55f1697b6d16_adsd.mp4','2017-05-15',116,0,'upload/11/6/874d0965-b297-4d20-90ef-0a2523cede9e_girl.jpg',32),(254,'姚小城','最终测试','<h1 id=\"h1--h1-\"><a name=\"这里是测试的h1标题\" class=\"reference-link\"></a><span class=\"header-link octicon octicon-link\"></span>这里是测试的h1标题</h1><h3 id=\"h3--h3-\"><a name=\"这里是h3标签\" class=\"reference-link\"></a><span class=\"header-link octicon octicon-link\"></span>这里是h3标签</h3><p>这里是代码片段</p>\n<pre><code class=\"lang-javascript\">$.ajax({\n            url:&quot;/frametest/GetTenNewest&quot;,\n            type:&quot;post&quot;,\n            data:{},\n            dataType:&quot;json&quot;,\n            success:function(data){\n                //console.log(&quot;new:&quot; + JSON.stringify(data));\n                var New = $(&quot;&lt;div id=&#39;new&#39; class=&#39;item&#39;&gt;&lt;/div&gt;&quot;);\n                New.append($(&quot;&lt;div&gt;&lt;h3&gt;最新文章&lt;/h3&gt;&lt;/div&gt;&quot;));\n                var newUl = $(&quot;&lt;ul&gt;&lt;/ul&gt;&quot;);\n                console.log(&quot;new length = &quot; + data.length);\n                for(var i = 0;i &lt; data.length;i++){\n                    var newLi = $(&quot;&lt;li&gt;&lt;i&gt;&quot;+(i+1)+&quot;&lt;/i&gt;&quot;+&quot;&lt;h4&gt;&quot;+data[i].art_title+&quot;&lt;/h4&gt;&quot;+&quot;&lt;/i&gt;&lt;/li&gt;&quot;);\n                    (function(article){\n                        newLi.children(&quot;h4&quot;).click(function(){\n                            showArticleDetail(article.art_id);\n                        });\n                    })(data[i]);\n                    if(i == 0){\n                        newLi.children(&quot;i&quot;).addClass(&quot;firstI&quot;);\n                    }\n                    newUl.append(newLi);\n                }\n                New.append(newUl);\n                $(&quot;#otherItems&quot;).append(New);\n            },\n            error:function(){\n                console.log(&quot;getNew Failed&quot;);\n            }\n        });\n</code></pre>\n<p>这里是图片的测试<br><img src=\"upload/13/10/a3cc9a68-4fe7-4d51-ac4a-21be11a382c0_logo.jpg\" alt=\"这里是图片的测试\" title=\"这里是图片的测试\"></p>\n','最终测试','学习笔记','upload/3/10/5478d38c-db3d-4920-ad9d-4852d5f0cea3_Rihanna - Rude Boy.mp3',NULL,'2017-05-16',17,0,'upload/13/2/91602ae8-3efe-485d-9881-5214eb6380f6_introductions.jpg',26),(255,'姚小城','最终测试','<h1 id=\"h1--h1-\"><a name=\"这里是测试的h1标题\" class=\"reference-link\"></a><span class=\"header-link octicon octicon-link\"></span>这里是测试的h1标题</h1><h3 id=\"h3--h3-\"><a name=\"这里是h3标签\" class=\"reference-link\"></a><span class=\"header-link octicon octicon-link\"></span>这里是h3标签</h3><p>这里是代码片段</p>\n<pre><code class=\"lang-javascript\">$.ajax({\n            url:&quot;/frametest/GetTenNewest&quot;,\n            type:&quot;post&quot;,\n            data:{},\n            dataType:&quot;json&quot;,\n            success:function(data){\n                //console.log(&quot;new:&quot; + JSON.stringify(data));\n                var New = $(&quot;&lt;div id=&#39;new&#39; class=&#39;item&#39;&gt;&lt;/div&gt;&quot;);\n                New.append($(&quot;&lt;div&gt;&lt;h3&gt;最新文章&lt;/h3&gt;&lt;/div&gt;&quot;));\n                var newUl = $(&quot;&lt;ul&gt;&lt;/ul&gt;&quot;);\n                console.log(&quot;new length = &quot; + data.length);\n                for(var i = 0;i &lt; data.length;i++){\n                    var newLi = $(&quot;&lt;li&gt;&lt;i&gt;&quot;+(i+1)+&quot;&lt;/i&gt;&quot;+&quot;&lt;h4&gt;&quot;+data[i].art_title+&quot;&lt;/h4&gt;&quot;+&quot;&lt;/i&gt;&lt;/li&gt;&quot;);\n                    (function(article){\n                        newLi.children(&quot;h4&quot;).click(function(){\n                            showArticleDetail(article.art_id);\n                        });\n                    })(data[i]);\n                    if(i == 0){\n                        newLi.children(&quot;i&quot;).addClass(&quot;firstI&quot;);\n                    }\n                    newUl.append(newLi);\n                }\n                New.append(newUl);\n                $(&quot;#otherItems&quot;).append(New);\n            },\n            error:function(){\n                console.log(&quot;getNew Failed&quot;);\n            }\n        });\n</code></pre>\n<p>这里是图片的测试<br><img src=\"upload/13/10/a3cc9a68-4fe7-4d51-ac4a-21be11a382c0_logo.jpg\" alt=\"这里是图片的测试\" title=\"这里是图片的测试\"></p>\n','最终测试','学习笔记','upload/3/10/5478d38c-db3d-4920-ad9d-4852d5f0cea3_Rihanna - Rude Boy.mp3',NULL,'2017-05-16',28,0,'upload/13/2/91602ae8-3efe-485d-9881-5214eb6380f6_introductions.jpg',35),(256,'姚小城','测试druid','<p>ceeeeeee</p>\n','adad','学习笔记','upload/0/4/c8801d2f-3939-49f6-8775-abc63a560adc_Rihanna - Rude Boy.mp3',NULL,'2017-05-18',12,0,'upload/11/7/f60d60c5-72fb-48f6-8f01-1539bc6207e4_boy.jpg',28),(258,'姚小城','又来测试了','<p>阿斯达打死打伤大时代</p>\n','阿迪','学习笔记',NULL,NULL,'2017-05-18',0,0,'img/book.jpg',8),(259,'冯小婧','右边1','<p>丹佛；iwo[nr[ernner[ 啊是否你哦四否极角服务费巨额罚金巍峨附近<br>啊是否你哦四否极角服务费巨额罚金巍峨附近啊是否你哦四否极角服务费巨额罚金巍峨附近啊是否你哦四否极角服务费巨额罚金巍峨附近<br>啊是否你哦四否极角服务费巨额罚金巍峨附近啊是否你哦四否极角服务费巨额罚金巍峨附近<br>啊是否你哦四否极角服务费巨额罚金巍峨附近啊是否你哦四否极角服务费巨额罚金巍峨附近<br>啊是否你哦四否极角服务费巨额罚金巍峨附近啊是否你哦四否极角服务费巨额罚金巍峨附近</p>\n','tag2','学习笔记',NULL,NULL,'2017-05-15',0,0,'img/book.jpg',16),(260,'姚小城','阿斯顿','<p>阿斯顿阿斯</p>\n','阿斯顿','学习笔记',NULL,NULL,'2017-05-18',3,0,'img/book.jpg',118),(261,'姚小城','啊啊','<h1 id=\"h1-adad\"><a name=\"adad\" class=\"reference-link\"></a><span class=\"header-link octicon octicon-link\"></span>adad</h1><pre><code class=\"lang-javascript\">function getTwoArticles(){\n    isReady = 0;\n    param = new Object();\n    param.boyArtNum = boyArtNum;\n    param.girlArtNum = girlArtNum;\n    console.log(param);\n    $.ajax({\n        url:&quot;/loveblog/GetTwoArticlesServlet&quot;,\n        type:&quot;post&quot;,\n        data:param,\n        dataType:&quot;json&quot;,\n        success:function(data){\n            console.log(data);\n            if(typeof(data.boy) != &quot;undefined&quot;){\n                var leftArticle = createArticleBref(data.boy);\n                leftArticle.addClass(&quot;animated fadeInLeft&quot;);\n                $(&quot;#leftArticle&quot;).append(leftArticle);\n                boyArtNum++;\n            }\n            if(typeof(data.girl) != &quot;undefined&quot;){\n                var rightArticle = createArticleBref(data.girl);\n                rightArticle.addClass(&quot;animated fadeInRight&quot;);\n                $(&quot;#rightArticle&quot;).append(rightArticle);\n                girlArtNum++;\n            }\n            if(data.end == 1){\n                isReady = 0;//如果数据库中没有数据量，就在窗口滚动的时候不进行ajax请求了\n            }else{\n                isReady = 1;\n            }\n            if(isFirst == 1){\n                $(&quot;#articleWrap div.articleBref:eq(0)&quot;).css(&quot;animation-delay&quot;,&quot;3s&quot;);\n                $(&quot;#articleWrap div.articleBref:eq(1)&quot;).css(&quot;animation-delay&quot;,&quot;3s&quot;);\n                isFirst = 0;\n            }\n            // isReady = 1;\n            console.log(&quot;success!&quot;);\n        },\n        error:function(){\n            isReady = 1;\n            console.log(&quot;加载失败了！&quot;);\n        }\n    });\n}\n</code></pre>\n','轻武器','学习笔记','upload/13/5/ad394eb9-1f58-4021-8d2d-ead76e0d62c5_Rihanna - Rude Boy.mp3','upload/10/4/269b7391-aa3f-47d7-bfeb-def1de5ceff3_adsd.mp4','2017-06-01',1,0,'upload/5/1/7c779b90-771f-4ec0-a853-8455f6ca3089_introductions.jpg',16),(262,'姚小城','sas','<p>as</p>\n','as','学习笔记',NULL,'upload/13/0/d494c1ce-dd68-4730-8751-0fc43fc82be1_adsd.mp4','2017-06-06',0,0,'img/book.jpg',7),(263,'姚小城','xzx','<p>zx</p>\n','zx','学习笔记',NULL,'upload/4/5/c2e4e0ec-edd0-44a3-ab4a-cf350ba307f8_adsd.mp4','2017-06-06',0,0,'img/book.jpg',7),(264,'姚小城','as','','as','学习笔记',NULL,NULL,'2017-06-06',0,0,'img/book.jpg',6),(265,'姚小城','as','','as','学习笔记',NULL,'upload/0/15/e116b7d1-c937-4fff-a918-3a22f7719703_adsd.mp4','2017-06-06',0,0,'img/book.jpg',8),(266,'姚小城','as','','as','学习笔记','upload/0/3/7cc36feb-c74b-46be-857d-efe0f86a59e9_Rihanna - Rude Boy.mp3',NULL,'2017-06-06',2,0,'img/book.jpg',17),(267,'姚小城','wdwq','','asc','学习笔记','upload/11/0/842ad7c5-e409-4b5a-b6c1-03830cc775d9_Rihanna - Rude Boy.mp3',NULL,'2017-06-08',1,0,'img/book.jpg',74),(268,'姚小城','React JS','<p>一、了解ReactJS：<br>现在最热门的前端框架有AngularJS、React、Bootstrap等，其中ReactJS独特的Virtual DOM，很具有创新性。<br>react 起源于 Facebook的内部项目，因为该公司对市场上所有 JavaScript MVC框架，都不满意，就决定自己写一套，用来架设 Instagram的网站。做出来以后，发现这套东西很好用，就在2013年5月开源了。由于 React 的设计思想极其独特，属于革命性创新，性能出众，代码逻辑却非常简单。所以，越来越多的人开始关注和使用，认为它可能是将来 Web开发的主流工具。</p>\n<p>ReactJS官网地址：<a href=\"http://facebook.github.io/react/\">http://facebook.github.io/react/</a></p>\n<p>Github地址：<a href=\"https://github.com/facebook/react\">https://github.com/facebook/react</a></p>\n<p>下载ReactJs地址：<a href=\"http://facebook.github.io/react/downloads.html,将下载下来的压缩包解压后，我们新建一个html文件，引用react.js和JSXTransformer.js这两个js文件。html模板如下\">http://facebook.github.io/react/downloads.html,将下载下来的压缩包解压后，我们新建一个html文件，引用react.js和JSXTransformer.js这两个js文件。html模板如下</a></p>\n<pre><code class=\"lang-javascript\">&lt;!DOCTYPE html&gt;&lt;html&gt;  \n  &lt;head&gt;  \n    &lt;scriptsrcscriptsrc=&quot;build/react.js&quot;&gt;&lt;/script&gt;  \n    &lt;scriptsrcscriptsrc=&quot;build/JSXTransformer.js&quot;&gt;&lt;/script&gt;  \n  &lt;/head&gt;  \n  &lt;body&gt;  \n    &lt;div id=&quot;container&quot;&gt;&lt;/div&gt;  \n    &lt;scripttypescripttype=&quot;text/jsx&quot;&gt;  \n      //在此处编写代码  \n    &lt;/script&gt;  \n  &lt;/body&gt;&lt;/html&gt;\n</code></pre>\n<p>二、深入了解</p>\n<pre><code class=\"lang-javascript\">&lt;!DOCTYPEhtml&gt;  \n&lt;html&gt;  \n  &lt;head&gt;  \n    &lt;scriptsrcscriptsrc=&quot;build/react.js&quot;&gt;&lt;/script&gt;  \n    &lt;scriptsrcscriptsrc=&quot;build/JSXTransformer.js&quot;&gt;&lt;/script&gt;  \n  &lt;/head&gt;  \n  &lt;body&gt;  \n    &lt;dividdivid=&quot;example&quot;&gt;&lt;/div&gt;  \n    &lt;script type=&quot;text/jsx&quot;&gt;  \n      React.render(  \n        &lt;h1&gt;Hello, world!&lt;/h1&gt;,  \n        document.getElementById(&#39;example&#39;)  \n      );  \n    &lt;/script&gt;  \n  &lt;/body&gt;  \n&lt;/html&gt;\n</code></pre>\n<p>以上代码为简单的页面中展示Hello,world!的代码。</p>\n<p>在JavaScript 代码里写着 XML 格式的代码称为 JSX；可以去 JSX 语法 里学习更多JSX 相关的知识。为了把 JSX 转成标准的 JavaScript，我们用 &lt;script type=&quot;text/jsx&quot;&gt; 标签包裹着含有 JSX 的代码，然后引入 JSXTransformer.js 库来实现在浏览器里的代码转换。</p>\n<p>ps：jsx语法是HTML 语言直接写在JavaScript 语言之中，不加任何引号；</p>\n','js','学习笔记',NULL,NULL,'2017-06-13',2,0,'upload/8/12/dc551133-de75-4aea-ac95-50f3d18de269_b709cae2-52fa-45c0-9df4-0ca82e6c4ce0.png',17);
/*!40000 ALTER TABLE `article` ENABLE KEYS */;
UNLOCK TABLES;

--
-- Table structure for table `comment`
--

DROP TABLE IF EXISTS `comment`;
/*!40101 SET @saved_cs_client     = @@character_set_client */;
/*!40101 SET character_set_client = utf8 */;
CREATE TABLE `comment` (
  `com_id` int(11) NOT NULL AUTO_INCREMENT,
  `art_id` int(11) NOT NULL,
  `u_id` int(11) NOT NULL,
  `com_content` varchar(100) DEFAULT NULL,
  `com_time` date NOT NULL,
  `com_agree` int(11) NOT NULL DEFAULT '0',
  `com_disagree` int(11) NOT NULL DEFAULT '0',
  PRIMARY KEY (`com_id`),
  KEY `art_id` (`art_id`),
  KEY `u_id` (`u_id`),
  CONSTRAINT `comment_ibfk_1` FOREIGN KEY (`art_id`) REFERENCES `article` (`art_id`) ON DELETE CASCADE,
  CONSTRAINT `comment_ibfk_2` FOREIGN KEY (`u_id`) REFERENCES `user` (`u_id`) ON DELETE CASCADE
) ENGINE=InnoDB AUTO_INCREMENT=71 DEFAULT CHARSET=utf8;
/*!40101 SET character_set_client = @saved_cs_client */;

--
-- Dumping data for table `comment`
--

LOCK TABLES `comment` WRITE;
/*!40000 ALTER TABLE `comment` DISABLE KEYS */;
INSERT INTO `comment` VALUES (10,254,1,'测试评论','2017-05-18',5,1),(11,255,1,'测试评论255','2017-05-18',0,0),(12,260,3,'阿迪','2017-05-18',0,0),(13,260,3,'阿迪','2017-05-18',0,0),(14,260,1,'','2017-05-18',0,0),(15,260,1,'阿斯','2017-05-18',0,0),(16,260,1,'阿斯顿','2017-05-18',0,0),(17,260,1,'可以给','2017-05-18',0,0),(18,260,1,'可以给啊啊啊啊','2017-05-18',0,0),(19,260,1,'啊大大达到','2017-05-18',0,0),(20,260,1,'adadad','2017-05-18',0,0),(21,260,1,'asdasdasd','2017-05-18',0,0),(22,260,1,'asdasdasd','2017-05-18',0,0),(23,260,1,'asdasdasd','2017-05-18',0,0),(24,260,1,'fsdf','2017-05-18',0,0),(25,260,1,'fsdfasd','2017-05-18',0,0),(26,260,1,'fsdfasd','2017-05-18',0,0),(27,260,1,'adadad','2017-05-18',0,0),(28,260,1,'asdasd','2017-05-18',0,0),(29,260,1,'asdasd','2017-05-18',0,0),(30,260,1,'asdasd','2017-05-18',0,0),(31,260,1,'niuiu','2017-05-18',0,0),(32,260,1,'niuiu','2017-05-18',0,0),(33,260,1,'asd','2017-05-18',0,0),(34,260,1,'asda','2017-05-18',0,0),(35,260,1,'asds','2017-05-18',0,0),(36,260,1,'这次是不会错的 的','2017-05-18',0,0),(37,1,1,'举办了','2017-05-18',0,0),(38,1,1,'d d d d d d','2017-05-18',0,0),(39,50,1,'阿斯顿','2017-05-18',0,0),(40,50,1,'阿斯顿阿斯顿','2017-05-18',0,0),(41,50,1,'阿斯顿阿斯顿','2017-05-18',0,0),(42,50,1,'...............\n','2017-05-18',0,0),(43,50,1,'...............\n','2017-05-18',0,0),(44,50,1,'','2017-05-18',0,0),(45,50,1,'阿斯顿','2017-05-18',0,0),(46,50,1,'阿斯顿','2017-05-18',0,0),(47,50,1,'阿斯顿','2017-05-18',0,0),(48,50,1,'阿斯大时代','2017-05-18',0,0),(49,50,1,'阿斯大时代','2017-05-18',0,0),(50,50,1,'阿斯大时代','2017-05-18',0,0),(51,50,1,'阿斯大时代','2017-05-18',0,0),(52,50,1,'阿斯大时代','2017-05-18',0,0),(53,254,1,'lwnweipfn','2017-05-24',0,0),(54,50,1,'odijpoidj','2017-05-24',0,0),(55,50,1,'odijpoidj','2017-05-24',0,0),(56,50,1,'odijpoidj','2017-05-24',0,0),(57,255,1,'测试评论255','2017-06-01',0,0),(58,255,1,'娴嬭瘯璇勮255','2017-06-01',0,0),(59,261,1,'zxasxasc','2017-06-01',0,0),(60,261,1,'zxasxasc','2017-06-01',0,0),(61,261,1,'zxasxasc','2017-06-01',0,0),(62,261,1,'zxasxascsacas','2017-06-01',0,0),(63,261,8,'测试注册','2017-06-06',0,0),(64,255,1,'测试评论255','2017-06-13',0,0),(65,255,1,'测试评论255','2017-06-13',0,0),(66,255,1,'测试评论255','2017-06-13',0,0),(67,253,1,'阿萨斯','2017-06-13',0,0),(68,268,1,'这篇文章很有趣','2017-06-13',0,0),(69,268,1,'我也这么认为','2017-06-13',0,0),(70,268,1,'sdasdsad','2017-06-13',0,0);
/*!40000 ALTER TABLE `comment` ENABLE KEYS */;
UNLOCK TABLES;

--
-- Table structure for table `level`
--

DROP TABLE IF EXISTS `level`;
/*!40101 SET @saved_cs_client     = @@character_set_client */;
/*!40101 SET character_set_client = utf8 */;
CREATE TABLE `level` (
  `lv` int(11) NOT NULL,
  `exp` int(11) NOT NULL,
  `name` varchar(50) DEFAULT NULL,
  PRIMARY KEY (`lv`),
  UNIQUE KEY `name` (`name`)
) ENGINE=InnoDB DEFAULT CHARSET=utf8;
/*!40101 SET character_set_client = @saved_cs_client */;

--
-- Dumping data for table `level`
--

LOCK TABLES `level` WRITE;
/*!40000 ALTER TABLE `level` DISABLE KEYS */;
INSERT INTO `level` VALUES (1,100,'初级'),(2,500,'中级'),(3,1500,'高级'),(4,3500,'贵宾');
/*!40000 ALTER TABLE `level` ENABLE KEYS */;
UNLOCK TABLES;

--
-- Table structure for table `t_tc`
--

DROP TABLE IF EXISTS `t_tc`;
/*!40101 SET @saved_cs_client     = @@character_set_client */;
/*!40101 SET character_set_client = utf8 */;
CREATE TABLE `t_tc` (
  `t_id` int(11) NOT NULL,
  `tc_id` int(11) NOT NULL,
  KEY `t_id` (`t_id`),
  KEY `tc_id` (`tc_id`),
  CONSTRAINT `t_tc_ibfk_1` FOREIGN KEY (`t_id`) REFERENCES `tool` (`t_id`) ON DELETE CASCADE,
  CONSTRAINT `t_tc_ibfk_2` FOREIGN KEY (`tc_id`) REFERENCES `toolclass` (`tc_id`) ON DELETE CASCADE
) ENGINE=InnoDB DEFAULT CHARSET=utf8;
/*!40101 SET character_set_client = @saved_cs_client */;

--
-- Dumping data for table `t_tc`
--

LOCK TABLES `t_tc` WRITE;
/*!40000 ALTER TABLE `t_tc` DISABLE KEYS */;
/*!40000 ALTER TABLE `t_tc` ENABLE KEYS */;
UNLOCK TABLES;

--
-- Table structure for table `tool`
--

DROP TABLE IF EXISTS `tool`;
/*!40101 SET @saved_cs_client     = @@character_set_client */;
/*!40101 SET character_set_client = utf8 */;
CREATE TABLE `tool` (
  `t_id` int(11) NOT NULL AUTO_INCREMENT,
  `t_name` varchar(50) DEFAULT NULL,
  `t_version` varchar(10) DEFAULT NULL,
  `t_owner` varchar(20) DEFAULT NULL,
  `t_abstract` text,
  `t_description` text,
  `t_download_cnt` int(11) DEFAULT NULL,
  `t_like` int(11) DEFAULT NULL,
  `t_time` date NOT NULL,
  `t_path` varchar(200) NOT NULL,
  PRIMARY KEY (`t_id`)
) ENGINE=InnoDB AUTO_INCREMENT=6 DEFAULT CHARSET=utf8;
/*!40101 SET character_set_client = @saved_cs_client */;

--
-- Dumping data for table `tool`
--

LOCK TABLES `tool` WRITE;
/*!40000 ALTER TABLE `tool` DISABLE KEYS */;
INSERT INTO `tool` VALUES (4,'TakeColor','1.0.1','姚小城','截取颜色','精简的截取颜色的工具',0,0,'2017-06-13','D:/Data_Depertory/MavenProject/loveblog/target/loveblog//tools/5/2/94b7292a-4e7e-419a-8b3c-acf7633bf9cc_TakeColor.exe'),(5,'tt','asas','as','as','asas',0,0,'2017-06-13','D:/Data_Depertory/MavenProject/loveblog/target/loveblog//tools/14/1/054deb10-fec0-4691-88d0-de1d7f35059d_非凡vpn.exe');
/*!40000 ALTER TABLE `tool` ENABLE KEYS */;
UNLOCK TABLES;

--
-- Table structure for table `toolclass`
--

DROP TABLE IF EXISTS `toolclass`;
/*!40101 SET @saved_cs_client     = @@character_set_client */;
/*!40101 SET character_set_client = utf8 */;
CREATE TABLE `toolclass` (
  `tc_id` int(11) NOT NULL AUTO_INCREMENT,
  `tc_name` varchar(50) NOT NULL,
  `tc_desc` text,
  PRIMARY KEY (`tc_id`),
  UNIQUE KEY `tc_name` (`tc_name`)
) ENGINE=InnoDB AUTO_INCREMENT=7 DEFAULT CHARSET=utf8;
/*!40101 SET character_set_client = @saved_cs_client */;

--
-- Dumping data for table `toolclass`
--

LOCK TABLES `toolclass` WRITE;
/*!40000 ALTER TABLE `toolclass` DISABLE KEYS */;
INSERT INTO `toolclass` VALUES (5,'ide','编程环境'),(6,'personal','自用');
/*!40000 ALTER TABLE `toolclass` ENABLE KEYS */;
UNLOCK TABLES;

--
-- Table structure for table `toolcomment`
--

DROP TABLE IF EXISTS `toolcomment`;
/*!40101 SET @saved_cs_client     = @@character_set_client */;
/*!40101 SET character_set_client = utf8 */;
CREATE TABLE `toolcomment` (
  `tcom_id` int(11) NOT NULL AUTO_INCREMENT,
  `t_id` int(11) NOT NULL,
  `u_id` int(11) NOT NULL,
  `tcom_content` varchar(100) DEFAULT NULL,
  `tcom_time` date NOT NULL,
  `tcom_agree` int(11) NOT NULL DEFAULT '0',
  `tcom_disagree` int(11) NOT NULL DEFAULT '0',
  PRIMARY KEY (`tcom_id`),
  KEY `t_id` (`t_id`),
  KEY `u_id` (`u_id`),
  CONSTRAINT `toolcomment_ibfk_1` FOREIGN KEY (`t_id`) REFERENCES `tool` (`t_id`) ON DELETE CASCADE,
  CONSTRAINT `toolcomment_ibfk_2` FOREIGN KEY (`u_id`) REFERENCES `user` (`u_id`) ON DELETE CASCADE
) ENGINE=InnoDB DEFAULT CHARSET=utf8;
/*!40101 SET character_set_client = @saved_cs_client */;

--
-- Dumping data for table `toolcomment`
--

LOCK TABLES `toolcomment` WRITE;
/*!40000 ALTER TABLE `toolcomment` DISABLE KEYS */;
/*!40000 ALTER TABLE `toolcomment` ENABLE KEYS */;
UNLOCK TABLES;

--
-- Table structure for table `user`
--

DROP TABLE IF EXISTS `user`;
/*!40101 SET @saved_cs_client     = @@character_set_client */;
/*!40101 SET character_set_client = utf8 */;
CREATE TABLE `user` (
  `u_id` int(11) NOT NULL AUTO_INCREMENT,
  `u_name` varchar(8) NOT NULL,
  `u_tele` char(11) DEFAULT NULL,
  `u_email` varchar(30) DEFAULT NULL,
  `u_pass` varchar(16) DEFAULT NULL,
  `u_img` varchar(100) DEFAULT 'img/defaultIcon.jpg',
  PRIMARY KEY (`u_id`),
  UNIQUE KEY `u_name` (`u_name`),
  UNIQUE KEY `u_tele` (`u_tele`),
  UNIQUE KEY `u_email` (`u_email`)
) ENGINE=InnoDB AUTO_INCREMENT=9 DEFAULT CHARSET=utf8;
/*!40101 SET character_set_client = @saved_cs_client */;

--
-- Dumping data for table `user`
--

LOCK TABLES `user` WRITE;
/*!40000 ALTER TABLE `user` DISABLE KEYS */;
INSERT INTO `user` VALUES (1,'姚小城','15868172454','82415327@qq.com','056210','img/defaultIcon.jpg'),(3,'测试帐号','15868172453',NULL,'056210','img/defaultIcon.jpg'),(4,'test','12345678911','gg@qq.com','gg','img/defaultIcon.jpg'),(5,'ssss','987654321','test@qq.com','123456','img/defaultIcon.jpg'),(6,'wdlqn','ljasluih','wlqnnv','123456','img/defaultIcon.jpg'),(7,'qwdun','515484','skjn','123456','img/defaultIcon.jpg'),(8,'sdifj','lfin','ascj','123456','img/defaultIcon.jpg');
/*!40000 ALTER TABLE `user` ENABLE KEYS */;
UNLOCK TABLES;
/*!40103 SET TIME_ZONE=@OLD_TIME_ZONE */;

/*!40101 SET SQL_MODE=@OLD_SQL_MODE */;
/*!40014 SET FOREIGN_KEY_CHECKS=@OLD_FOREIGN_KEY_CHECKS */;
/*!40014 SET UNIQUE_CHECKS=@OLD_UNIQUE_CHECKS */;
/*!40101 SET CHARACTER_SET_CLIENT=@OLD_CHARACTER_SET_CLIENT */;
/*!40101 SET CHARACTER_SET_RESULTS=@OLD_CHARACTER_SET_RESULTS */;
/*!40101 SET COLLATION_CONNECTION=@OLD_COLLATION_CONNECTION */;
/*!40111 SET SQL_NOTES=@OLD_SQL_NOTES */;

-- Dump completed on 2017-06-14 17:07:56
